brand,model,year,mileage,engine_capacity,transmission,body_type,fuel_type,color,doors,price_usd
Ford,Focus,2014,259178,2.2,Manual,Coupe,Hybrid,Black,4,35956.53
Audi,Q7,2007,278167,1.4,Automatic,Coupe,Diesel,Brown,5,27939.21
Volkswagen,Passat,2020,214176,3.0,Automatic,Coupe,Electric,White,2,36292.29
BMW,X5,2022,31551,2.4,CVT,Coupe,Hybrid,Green,2,66201.18
Kia,Sportage,2017,141699,2.4,Robot,Hatchback,Diesel,White,3,38768.98
Ford,Focus,2007,106530,4.0,Manual,Wagon,Diesel,Brown,5,35688.12
Honda,Accord,2005,240181,2.5,Robot,Coupe,Hybrid,Black,3,23465.0
Mercedes,E-Class,2015,11534,2.2,Automatic,Wagon,Petrol,Red,5,46782.16
Audi,Q7,2012,82798,1.6,Robot,Hatchback,Petrol,Grey,5,36089.92
Toyota,Corolla,2006,264712,2.2,Manual,Wagon,Electric,Brown,4,32328.83
BMW,3 Series,2007,13986,1.4,Manual,SUV,Petrol,Black,4,48781.07
Kia,Sorento,2011,297366,4.0,Robot,Coupe,Hybrid,Grey,5,39735.55
Volkswagen,Tiguan,2002,201664,1.4,Manual,SUV,Petrol,Blue,3,21022.28
Kia,Sportage,2014,218969,2.5,Robot,Coupe,Hybrid,Green,5,33602.9
Ford,Focus,2019,185340,1.5,Automatic,Coupe,Hybrid,Green,2,33724.49
Ford,Kuga,2018,43585,2.5,Manual,Sedan,Petrol,Red,5,47009.17
Mercedes,E-Class,2010,18047,2.5,CVT,Wagon,Petrol,Green,3,47398.06
Kia,Sorento,2012,55016,1.4,CVT,SUV,Petrol,Red,2,38214.5
Toyota,RAV4,2009,165838,2.7,Automatic,Sedan,Electric,White,3,38790.06
Toyota,Corolla,2016,256951,1.0,CVT,Sedan,Diesel,Black,5,25229.28
Volkswagen,Tiguan,2004,269536,1.0,CVT,Hatchback,Petrol,Grey,3,21394.22
Toyota,RAV4,2005,106081,1.8,Automatic,SUV,Hybrid,Brown,5,40259.46
Toyota,Corolla,2005,51663,3.5,CVT,Wagon,Electric,Silver,5,46167.45
BMW,X5,2006,214835,2.4,Manual,Hatchback,Electric,White,4,36610.95
Kia,Rio,2017,47254,5.0,Automatic,Hatchback,Hybrid,Green,5,46467.41
Toyota,Land Cruiser,2011,283076,1.6,Robot,SUV,Hybrid,White,2,35011.67
BMW,X3,2015,66690,1.5,Robot,Sedan,Electric,Grey,4,58066.99
Kia,Sportage,2017,178047,4.0,Automatic,Hatchback,Diesel,Silver,5,46855.51
Kia,Sorento,2000,38467,1.0,Automatic,Coupe,Electric,Grey,5,39594.21
Toyota,Land Cruiser,2000,256687,3.0,CVT,SUV,Diesel,Green,3,27593.87
Volkswagen,Passat,2012,205362,1.8,Robot,SUV,Hybrid,Black,2,47117.36
Toyota,Corolla,2015,45714,1.5,CVT,Sedan,Electric,White,5,49531.57
Audi,A6,2002,163707,2.4,Manual,Coupe,Petrol,Red,2,32065.55
Mercedes,GLC,2020,268246,1.0,Robot,SUV,Electric,Black,2,50253.15
Nissan,X-Trail,2021,36631,1.2,Robot,Hatchback,Hybrid,Silver,3,50911.3
Toyota,Corolla,2010,209141,2.0,Manual,Hatchback,Hybrid,Black,4,32738.43
Honda,Civic,2023,139788,3.0,Automatic,Sedan,Electric,Blue,5,59391.83
BMW,X3,2014,32097,1.2,Robot,SUV,Petrol,Black,4,54273.73
Volkswagen,Passat,2021,31024,1.5,Automatic,SUV,Electric,Blue,2,55781.07
Audi,Q5,2003,197484,1.5,Automatic,SUV,Hybrid,Brown,5,36197.95
Honda,Accord,2018,86672,2.2,CVT,SUV,Electric,Black,4,49116.36
Ford,Kuga,2008,100235,1.6,Manual,Hatchback,Diesel,White,4,29850.26
Honda,Accord,2021,20056,2.2,Manual,Coupe,Petrol,Brown,2,52297.21
Volkswagen,Golf,2022,216139,2.5,Robot,SUV,Petrol,Red,2,49052.19
Audi,Q5,2016,51293,4.0,Automatic,Wagon,Petrol,Grey,5,53848.13
Ford,Focus,2004,288790,2.5,Automatic,Coupe,Electric,Black,5,29197.05
Nissan,Teana,2018,271967,1.0,Robot,Coupe,Petrol,Grey,5,31515.09
Toyota,Land Cruiser,2019,149143,3.0,Automatic,SUV,Electric,White,2,48892.29
BMW,X3,2004,38304,2.2,Automatic,SUV,Electric,Blue,2,49096.97
BMW,5 Series,2002,27350,1.0,Automatic,Coupe,Diesel,Black,3,34099.78
Honda,CR-V,2008,282502,1.5,Automatic,Coupe,Diesel,Blue,4,26837.62
Audi,A4,2003,38756,2.4,Robot,SUV,Petrol,Silver,5,45704.19
Mercedes,E-Class,2016,196582,2.2,CVT,Coupe,Electric,White,4,52672.52
Kia,Cerato,2016,110448,4.0,Robot,Sedan,Diesel,Blue,4,48678.53
BMW,3 Series,2003,195004,2.4,CVT,Wagon,Petrol,Green,5,33919.97
Audi,A4,2002,102795,2.4,Robot,SUV,Petrol,Grey,2,41594.6
Ford,Focus,2006,84076,1.6,Automatic,Hatchback,Hybrid,Red,4,41104.83
Kia,Cerato,2011,203664,3.5,Automatic,Coupe,Electric,Black,2,41930.47
Honda,CR-V,2001,214532,3.5,Manual,SUV,Electric,Brown,2,38817.15
Ford,Focus,2012,166981,3.0,CVT,SUV,Petrol,Grey,3,34830.33
Ford,Kuga,2009,224786,2.0,Automatic,SUV,Petrol,Blue,3,26741.68
Hyundai,Solaris,2008,39298,3.5,Robot,Sedan,Hybrid,Grey,2,45731.18
Kia,Sorento,2000,242804,1.8,Automatic,Wagon,Petrol,Brown,2,17278.72
Audi,Q7,2002,275987,2.4,Automatic,Sedan,Petrol,Red,4,27334.38
Toyota,Corolla,2021,199938,2.0,Manual,SUV,Electric,Black,5,46134.02
Hyundai,Santa Fe,2020,160775,2.5,Robot,Wagon,Diesel,Brown,3,37072.98
Honda,Civic,2008,266979,2.7,Automatic,Sedan,Petrol,White,2,28542.64
BMW,3 Series,2005,56178,1.6,CVT,Sedan,Diesel,Black,5,43977.15
Honda,CR-V,2012,168964,2.0,Robot,Sedan,Diesel,White,3,26458.06
Volkswagen,Tiguan,2016,151456,1.2,Manual,SUV,Hybrid,White,2,47732.59
Ford,Mondeo,2016,191172,5.0,Manual,SUV,Petrol,Green,2,48024.87
BMW,3 Series,2020,38765,1.0,CVT,Coupe,Petrol,Grey,3,55245.72
Toyota,Corolla,2007,92193,3.0,CVT,Hatchback,Diesel,Black,3,36601.16
Toyota,Camry,2011,106884,4.0,Automatic,SUV,Petrol,White,5,50575.7
Ford,Kuga,2004,81317,3.0,Automatic,Hatchback,Diesel,Black,3,31139.25
Honda,Civic,2005,250875,4.0,CVT,Hatchback,Hybrid,White,2,32878.34
Mercedes,E-Class,2023,216464,2.5,Manual,Wagon,Electric,Brown,2,53366.9
BMW,X3,2022,211791,5.0,CVT,Wagon,Electric,Grey,5,61482.44
Kia,Sportage,2002,28732,2.5,CVT,SUV,Petrol,Blue,3,33932.23
Audi,A6,2000,147979,2.5,Automatic,Hatchback,Petrol,Red,3,27285.9
Kia,Cerato,2014,174293,5.0,Robot,SUV,Hybrid,Brown,2,49001.58
Mercedes,GLC,2014,111317,4.0,Automatic,Wagon,Hybrid,Red,5,50137.75
Honda,Civic,2013,146106,2.2,CVT,SUV,Hybrid,Green,3,40053.98
BMW,X3,2022,141339,2.5,CVT,Sedan,Petrol,Green,3,52873.57
Nissan,Teana,2011,266776,1.0,Manual,Wagon,Petrol,Grey,3,23781.03
Mercedes,GLC,2021,210977,5.0,Robot,Sedan,Electric,Silver,3,68650.07
Kia,Rio,2005,185625,1.2,CVT,SUV,Petrol,Red,2,22216.97
Mercedes,E-Class,2010,261949,4.0,CVT,Sedan,Hybrid,Silver,4,39335.21
Hyundai,Solaris,2003,271255,5.0,Automatic,Hatchback,Electric,Grey,4,37263.86
Toyota,Camry,2023,275378,4.0,Manual,Hatchback,Hybrid,Silver,5,48696.76
Nissan,X-Trail,2012,137541,2.5,Automatic,Wagon,Hybrid,Grey,2,39621.63
Toyota,Camry,2013,241983,1.8,Manual,SUV,Hybrid,Grey,2,43089.1
BMW,3 Series,2005,242353,2.2,Automatic,Coupe,Hybrid,Black,5,37830.75
Mercedes,C-Class,2004,108872,1.0,Manual,SUV,Hybrid,Brown,3,36879.36
Ford,Kuga,2016,83524,4.0,Robot,Wagon,Diesel,Red,2,47834.03
BMW,X3,2000,136487,1.8,Robot,Coupe,Electric,Silver,2,38504.63
Audi,A6,2002,15524,1.6,CVT,SUV,Diesel,Black,3,47002.07
Kia,Cerato,2007,190279,2.0,Robot,SUV,Petrol,Red,2,26438.08
Ford,Kuga,2014,150168,1.0,Manual,Hatchback,Diesel,Blue,5,31686.13
Volkswagen,Passat,2002,96646,1.4,Robot,Hatchback,Electric,Grey,4,29263.51
Toyota,Land Cruiser,2006,131994,1.5,Manual,Sedan,Petrol,Blue,2,26039.03
Mercedes,E-Class,2001,32265,1.6,CVT,Hatchback,Petrol,Red,3,38622.14
Mercedes,C-Class,2023,232604,2.2,Manual,Coupe,Hybrid,Grey,5,57785.24
Nissan,X-Trail,2004,71315,2.7,Automatic,Hatchback,Electric,Red,3,48538.89
Hyundai,Tucson,2014,76077,2.7,Robot,Hatchback,Petrol,Brown,3,38529.8
Hyundai,Santa Fe,2010,170987,1.5,Robot,Wagon,Petrol,Brown,2,25024.59
Hyundai,Tucson,2009,27632,3.0,CVT,Hatchback,Petrol,Red,4,40865.48
Volkswagen,Tiguan,2022,34560,4.0,Manual,Coupe,Diesel,Red,5,59093.64
Volkswagen,Tiguan,2000,100158,1.8,CVT,SUV,Electric,Green,2,43181.75
Nissan,Patrol,2020,13224,1.4,CVT,Wagon,Petrol,Black,4,43017.99
Volkswagen,Passat,2006,126161,2.7,Automatic,SUV,Petrol,Brown,4,37109.49
Mercedes,E-Class,2020,218967,1.0,Manual,Coupe,Hybrid,Silver,3,38116.06
Nissan,Patrol,2017,158768,2.0,Manual,Wagon,Petrol,White,5,31920.09
Hyundai,Solaris,2006,206592,3.5,Automatic,SUV,Hybrid,Brown,4,34719.19
Toyota,Corolla,2015,93607,1.4,Automatic,Sedan,Diesel,Silver,4,48078.0
Toyota,Camry,2005,186240,2.2,Manual,SUV,Electric,Black,3,42579.29
BMW,5 Series,2001,183675,1.0,CVT,Wagon,Electric,Black,4,31243.11
Ford,Kuga,2023,292822,2.7,CVT,Coupe,Electric,Red,2,48143.92
Audi,Q5,2018,155232,3.0,CVT,Hatchback,Hybrid,Brown,5,52759.62
Mercedes,GLE,2004,121300,4.0,CVT,Hatchback,Hybrid,Black,4,47106.24
Toyota,RAV4,2020,184466,3.5,CVT,Wagon,Petrol,Grey,3,35178.55
Honda,CR-V,2022,207990,3.0,Robot,Coupe,Petrol,Red,5,36826.62
Kia,Cerato,2020,138155,1.4,Robot,Hatchback,Diesel,Grey,5,37959.74
Ford,Focus,2017,35954,1.0,Automatic,Sedan,Electric,Black,2,44581.77
Kia,Sportage,2008,148757,2.7,Automatic,Wagon,Diesel,Black,2,29651.44
Volkswagen,Passat,2020,188456,1.8,Automatic,Sedan,Petrol,White,3,33443.22
Nissan,Patrol,2022,48756,2.5,Automatic,Coupe,Hybrid,White,4,56350.01
Kia,Rio,2006,224137,3.5,Manual,Hatchback,Petrol,Grey,3,28884.48
Nissan,Teana,2001,101371,1.8,CVT,Sedan,Hybrid,Blue,5,30397.47
Mercedes,C-Class,2006,228071,1.4,Automatic,Hatchback,Hybrid,Green,5,36985.05
Volkswagen,Passat,2004,59129,1.5,CVT,Wagon,Hybrid,Silver,5,36745.71
Honda,Civic,2001,132596,2.4,Manual,Sedan,Petrol,White,2,23871.8
Hyundai,Elantra,2006,24354,1.4,Automatic,Coupe,Electric,Grey,4,45858.02
BMW,3 Series,2011,245690,2.7,Manual,Coupe,Petrol,Black,2,31105.87
Ford,Focus,2014,151563,4.0,Robot,SUV,Electric,Green,2,54383.57
Volkswagen,Touareg,2017,193624,3.0,CVT,SUV,Diesel,White,2,45446.03
Nissan,X-Trail,2009,29711,2.0,Manual,Hatchback,Petrol,Red,3,34725.23
Ford,Focus,2018,204615,1.2,CVT,Coupe,Diesel,Green,3,31807.18
Mercedes,GLC,2002,37265,2.7,Automatic,Sedan,Diesel,Green,5,41519.19
Honda,CR-V,2004,134055,2.5,CVT,Wagon,Hybrid,Green,5,31636.56
Toyota,Land Cruiser,2021,115608,3.5,Automatic,Sedan,Electric,Blue,3,53437.91
BMW,5 Series,2001,125341,2.7,CVT,Coupe,Petrol,Black,5,37935.08
BMW,X3,2006,16371,3.5,Automatic,Sedan,Petrol,Red,2,60559.91
Kia,Cerato,2006,250195,1.6,Manual,Sedan,Hybrid,Blue,3,24870.01
Hyundai,Elantra,2017,186691,1.2,Automatic,Coupe,Petrol,Brown,2,30433.6
Mercedes,GLE,2004,238506,3.0,Automatic,SUV,Diesel,Blue,3,33458.81
Kia,Sportage,2019,193283,2.7,Robot,Wagon,Petrol,Green,3,36324.65
Nissan,X-Trail,2001,246584,2.5,Manual,Sedan,Diesel,Silver,5,27775.32
Volkswagen,Golf,2004,73781,5.0,CVT,Sedan,Petrol,Silver,5,47585.16
Toyota,Land Cruiser,2002,159903,1.4,Automatic,Coupe,Electric,Blue,4,29048.96
Kia,Rio,2003,34701,1.6,Automatic,SUV,Petrol,Brown,4,33971.24
BMW,3 Series,2001,288075,2.5,Manual,Sedan,Petrol,Silver,4,22490.11
Honda,CR-V,2005,152826,1.6,Robot,Hatchback,Diesel,Red,2,27098.44
Audi,A4,2016,125991,3.5,Robot,Coupe,Hybrid,Black,4,47691.09
Hyundai,Santa Fe,2001,249690,3.5,Manual,Sedan,Diesel,Brown,4,23861.83
Kia,Rio,2010,182828,2.4,Manual,Hatchback,Electric,Green,4,37428.31
Volkswagen,Touareg,2006,194692,2.7,Manual,Hatchback,Petrol,Silver,4,25858.61
Audi,A6,2006,92241,1.5,Automatic,Coupe,Petrol,Grey,4,37423.03
Honda,Civic,2013,75418,1.0,Manual,Sedan,Electric,Green,3,46034.96
BMW,X5,2005,76242,4.0,CVT,Hatchback,Petrol,Brown,3,52644.82
Audi,A4,2021,203667,1.5,Automatic,Wagon,Hybrid,Brown,2,47630.93
Volkswagen,Golf,2021,283097,2.2,CVT,Hatchback,Diesel,Red,5,41602.45
Mercedes,GLC,2002,152499,3.5,Robot,Coupe,Hybrid,White,3,46397.96
Nissan,X-Trail,2001,288173,1.2,Manual,Wagon,Petrol,Silver,2,15650.57
Kia,Sportage,2014,41846,3.5,Manual,SUV,Electric,Brown,3,52469.68
BMW,3 Series,2011,224695,3.0,Manual,Coupe,Hybrid,Brown,2,45929.3
Mercedes,E-Class,2018,194488,1.6,CVT,SUV,Petrol,Black,5,46628.29
BMW,X5,2016,238360,2.2,Robot,Hatchback,Hybrid,Grey,5,46046.81
Hyundai,Santa Fe,2013,205390,2.7,Automatic,Hatchback,Electric,Green,4,35062.6
Hyundai,Santa Fe,2002,146323,4.0,CVT,Sedan,Diesel,Red,4,34042.96
Toyota,Camry,2011,34531,2.4,Automatic,Sedan,Electric,Green,3,41547.02
Hyundai,Santa Fe,2010,85708,1.0,Robot,Coupe,Diesel,Red,5,35995.94
Honda,Accord,2014,193118,1.8,Robot,SUV,Petrol,White,2,35681.57
Kia,Rio,2011,169631,5.0,Robot,Wagon,Electric,White,3,49433.61
Hyundai,Santa Fe,2017,194555,1.0,Automatic,Sedan,Petrol,White,2,24989.64
Volkswagen,Tiguan,2013,212977,5.0,Automatic,Hatchback,Hybrid,Grey,2,38594.23
Hyundai,Tucson,2002,215048,1.8,Manual,Sedan,Diesel,Grey,5,20799.81
Mercedes,E-Class,2014,24826,5.0,CVT,SUV,Electric,Brown,5,74010.54
Volkswagen,Passat,2021,205209,5.0,CVT,Sedan,Electric,Black,3,50295.37
BMW,5 Series,2018,151094,4.0,Robot,Coupe,Electric,Blue,4,55258.12
Audi,Q5,2018,220971,1.2,Automatic,Hatchback,Hybrid,Red,2,35932.3
BMW,3 Series,2021,55230,5.0,Manual,Wagon,Petrol,Red,2,64608.74
Nissan,Almera,2023,288107,4.0,Robot,Wagon,Electric,Black,2,63471.6
Nissan,Almera,2001,43585,5.0,Automatic,Wagon,Diesel,Green,3,42722.5
BMW,X3,2021,86652,3.0,CVT,Coupe,Diesel,Brown,2,52310.39
Hyundai,Santa Fe,2015,209373,2.0,Automatic,Wagon,Diesel,Red,3,32226.99
Ford,Focus,2004,176037,3.5,Manual,Wagon,Petrol,Green,3,21353.17
Honda,CR-V,2005,101520,2.7,Manual,Sedan,Electric,Black,4,40926.47
Audi,A4,2000,152999,3.0,Robot,Wagon,Petrol,Green,4,31847.25
Volkswagen,Passat,2015,202332,2.5,Robot,Sedan,Petrol,Blue,5,32496.64
Hyundai,Tucson,2011,213567,1.8,Robot,Wagon,Petrol,Silver,2,26994.81
Toyota,Corolla,2023,26155,2.2,Robot,Wagon,Hybrid,Blue,5,43576.08
Honda,Accord,2001,197576,5.0,Manual,Wagon,Diesel,Blue,2,29095.84
Audi,Q5,2004,160928,1.0,CVT,Wagon,Diesel,Grey,2,25667.28
Honda,CR-V,2010,196733,1.2,Manual,Hatchback,Petrol,White,4,25674.88
Honda,CR-V,2011,79141,1.5,CVT,Coupe,Electric,Brown,3,31160.17
Nissan,Patrol,2022,121863,1.2,Manual,Sedan,Hybrid,Brown,2,49341.98
Volkswagen,Tiguan,2001,48320,2.0,CVT,Hatchback,Hybrid,Black,3,35582.86
Honda,Accord,2016,286233,2.2,CVT,Sedan,Electric,Silver,5,42365.93
Audi,Q7,2004,158056,2.5,Automatic,Wagon,Diesel,Black,5,33816.1
Volkswagen,Tiguan,2008,204456,2.4,Robot,Coupe,Petrol,Blue,2,26871.59
Honda,Civic,2005,29165,1.5,Automatic,SUV,Diesel,Black,3,37060.94
Kia,Sportage,2018,17772,2.7,Manual,Sedan,Petrol,Green,2,42011.24
Audi,Q5,2000,139999,1.0,CVT,Wagon,Diesel,Black,4,22561.96
BMW,X5,2013,287681,4.0,Manual,SUV,Petrol,Black,5,33302.64
Audi,A4,2011,283780,1.2,Robot,Coupe,Hybrid,Grey,5,45353.58
Ford,Mondeo,2013,158059,2.7,CVT,Coupe,Petrol,Green,4,34257.5
BMW,X3,2003,245900,1.8,CVT,Hatchback,Diesel,Blue,5,28370.39
Audi,Q7,2013,167450,3.5,CVT,Wagon,Hybrid,Brown,5,47519.47
Honda,Civic,2012,231513,2.4,Automatic,SUV,Hybrid,Green,5,35511.79
Nissan,X-Trail,2012,63646,2.0,CVT,Sedan,Diesel,Blue,3,39253.66
Volkswagen,Tiguan,2021,238976,3.0,Robot,Coupe,Diesel,Green,4,45667.96
Ford,Mondeo,2021,165140,1.8,Robot,Sedan,Diesel,White,4,33370.36
Nissan,Patrol,2023,119503,1.0,Automatic,SUV,Petrol,Grey,3,50449.48
Hyundai,Tucson,2003,138299,2.0,Automatic,Sedan,Diesel,Silver,5,25878.18
Audi,Q5,2016,246242,3.0,Automatic,Sedan,Hybrid,Blue,2,40192.41
Volkswagen,Touareg,2004,16014,1.4,Robot,SUV,Diesel,White,3,37527.04
Kia,Cerato,2002,4358,1.6,Automatic,SUV,Diesel,Red,2,38187.75
Ford,Focus,2016,193510,2.2,Robot,SUV,Electric,Black,3,36344.88
Mercedes,GLE,2004,110944,1.5,CVT,Sedan,Electric,White,4,44766.61
Volkswagen,Golf,2006,116492,1.0,Robot,Hatchback,Electric,Blue,5,35882.83
Volkswagen,Touareg,2017,74069,1.8,Automatic,Wagon,Diesel,Red,2,36685.26
BMW,5 Series,2022,131733,3.0,Automatic,Wagon,Petrol,Blue,2,45244.77
Nissan,Teana,2022,256911,3.0,Manual,Wagon,Electric,Grey,4,49533.07
Ford,Kuga,2007,29301,1.6,Robot,Wagon,Petrol,White,3,43367.03
Honda,CR-V,2000,76559,3.0,Automatic,Wagon,Diesel,Blue,3,33007.18
Mercedes,C-Class,2022,219249,3.5,Automatic,Sedan,Petrol,Black,4,48388.74
BMW,X5,2022,18073,1.5,Automatic,SUV,Diesel,Silver,4,49701.15
Volkswagen,Touareg,2004,221427,2.5,Robot,Sedan,Diesel,Red,3,30067.5
Nissan,Teana,2013,73861,1.4,Robot,Wagon,Diesel,White,4,41630.42
Audi,Q5,2001,20609,1.4,Automatic,Wagon,Diesel,Brown,3,37099.8
Volkswagen,Golf,2003,204894,4.0,Manual,Coupe,Electric,Silver,4,38138.95
Kia,Cerato,2012,248289,2.2,Manual,Hatchback,Electric,White,4,35399.41
Mercedes,E-Class,2005,60545,3.0,CVT,SUV,Hybrid,Silver,2,54184.88
BMW,5 Series,2009,250497,4.0,CVT,Hatchback,Petrol,Green,5,34973.6
Kia,Sportage,2020,202056,3.0,Automatic,SUV,Hybrid,Brown,5,37165.58
Toyota,Land Cruiser,2003,54823,1.0,Manual,Wagon,Electric,Blue,5,40285.14
Honda,CR-V,2004,32371,5.0,Automatic,Coupe,Hybrid,Green,4,51367.86
Volkswagen,Passat,2006,76373,1.6,Automatic,Hatchback,Diesel,Silver,2,31549.1
Ford,Focus,2000,60428,1.6,Automatic,Hatchback,Petrol,Blue,2,27816.68
Honda,Civic,2012,131743,1.5,Manual,SUV,Petrol,Grey,4,38873.68
Ford,Focus,2003,156193,1.5,Robot,Wagon,Diesel,Brown,4,23310.04
Kia,Rio,2019,292764,1.8,Automatic,Coupe,Diesel,Blue,2,39109.57
Toyota,Camry,2017,28671,3.0,Robot,Coupe,Electric,Silver,4,51010.59
Honda,CR-V,2021,154544,5.0,Manual,Wagon,Hybrid,Brown,2,54610.68
Toyota,RAV4,2004,201548,2.2,Manual,SUV,Petrol,Blue,4,24051.49
Hyundai,Tucson,2023,207888,1.6,Robot,Coupe,Electric,Black,4,39864.34
BMW,X3,2018,64027,1.4,CVT,Hatchback,Petrol,Blue,3,40583.59
Volkswagen,Touareg,2007,136511,2.5,Automatic,Wagon,Petrol,Green,5,33265.74
Honda,CR-V,2017,222146,1.0,Robot,Wagon,Diesel,White,2,34046.59
Kia,Cerato,2022,269054,1.2,Automatic,Coupe,Electric,Grey,4,42440.6
Audi,Q7,2015,9503,3.0,Automatic,SUV,Diesel,Green,2,59852.83
Hyundai,Elantra,2022,176072,2.4,Robot,SUV,Diesel,Grey,3,45591.68
Mercedes,C-Class,2011,84080,2.2,Manual,SUV,Diesel,Brown,3,49311.73
Ford,Kuga,2016,37643,2.4,CVT,Hatchback,Petrol,Blue,3,48977.96
Hyundai,Elantra,2006,225942,3.0,Robot,SUV,Electric,Red,3,36284.64
Kia,Cerato,2012,85457,1.2,Manual,Coupe,Hybrid,Grey,4,39737.47
Ford,Focus,2021,3754,1.6,Manual,Sedan,Electric,Silver,4,59866.29
Volkswagen,Tiguan,2022,182684,4.0,CVT,Wagon,Hybrid,White,5,43504.67
Nissan,Patrol,2007,55147,1.6,CVT,Sedan,Electric,Brown,4,40791.32
Nissan,Teana,2010,68056,2.5,Manual,SUV,Hybrid,Black,2,49046.85
Mercedes,E-Class,2009,19033,2.5,Automatic,Wagon,Petrol,Red,3,37199.38
Kia,Cerato,2020,89464,1.5,CVT,SUV,Hybrid,Green,3,44803.14
Mercedes,E-Class,2023,197621,1.4,Automatic,Coupe,Diesel,Blue,3,35796.58
Hyundai,Tucson,2020,80073,1.8,Automatic,Wagon,Electric,White,2,50798.2
Mercedes,C-Class,2013,69122,2.2,Manual,Hatchback,Hybrid,Grey,5,46568.85
Hyundai,Elantra,2023,16029,1.2,CVT,Wagon,Electric,Silver,2,49810.38
Hyundai,Solaris,2011,152889,1.8,Manual,Wagon,Electric,Silver,5,38670.1
Mercedes,E-Class,2022,137328,2.0,Manual,Hatchback,Hybrid,Grey,2,60215.8
Kia,Sorento,2021,77984,1.0,Automatic,Wagon,Electric,Brown,4,51507.56
Volkswagen,Tiguan,2013,116859,2.7,CVT,Sedan,Diesel,Brown,2,38268.66
Honda,CR-V,2012,243306,1.0,Automatic,Coupe,Diesel,White,4,24509.86
BMW,3 Series,2018,83369,1.4,Automatic,Hatchback,Hybrid,Blue,2,43297.67
Audi,A6,2004,245317,2.5,Robot,Hatchback,Hybrid,White,5,23883.36
Kia,Sorento,2005,125736,1.8,Automatic,Wagon,Electric,Grey,2,37110.46
Mercedes,C-Class,2023,205675,2.5,Automatic,Wagon,Hybrid,Silver,4,56583.74
Hyundai,Elantra,2015,231390,2.5,Manual,Coupe,Diesel,Grey,2,32211.33
Mercedes,E-Class,2010,17073,1.0,CVT,Hatchback,Electric,Brown,4,51647.02
Mercedes,GLE,2014,238511,2.0,Manual,Hatchback,Diesel,Grey,5,41034.97
Nissan,Almera,2017,290372,1.4,CVT,Hatchback,Petrol,Brown,2,26606.8
BMW,X3,2020,29055,3.0,Manual,Coupe,Petrol,White,3,54309.15
Kia,Sportage,2021,281590,1.0,Manual,Coupe,Petrol,Black,5,38144.18
Nissan,X-Trail,2008,45232,1.0,Automatic,Hatchback,Petrol,Black,2,33821.74
Kia,Cerato,2009,65633,1.4,Manual,Wagon,Electric,Green,5,37355.05
Volkswagen,Touareg,2009,148066,1.4,CVT,Sedan,Electric,Brown,4,37774.11
Mercedes,E-Class,2019,5774,2.2,Robot,Coupe,Hybrid,Red,5,69014.4
Kia,Sorento,2016,291262,1.2,Manual,SUV,Electric,Grey,2,44382.44
Ford,Kuga,2017,103850,1.4,Manual,SUV,Hybrid,Brown,5,43403.33
Nissan,Patrol,2023,33243,2.4,Robot,Coupe,Petrol,Brown,4,45714.5
Hyundai,Elantra,2009,208139,1.2,CVT,SUV,Petrol,Silver,4,27181.79
Honda,CR-V,2007,250870,2.2,Manual,Wagon,Electric,Silver,2,38841.33
Volkswagen,Tiguan,2008,62987,2.7,Automatic,Sedan,Hybrid,Blue,4,39102.75
Audi,A4,2012,56481,1.5,Robot,Hatchback,Hybrid,Silver,4,49210.58
BMW,3 Series,2003,155289,4.0,Automatic,Coupe,Hybrid,Blue,5,39451.19
Kia,Sorento,2005,95665,1.8,CVT,Wagon,Electric,White,4,37741.34
Kia,Rio,2023,177109,1.4,Robot,Wagon,Diesel,Black,5,40048.94
Audi,Q7,2023,91353,4.0,Manual,Coupe,Hybrid,Grey,3,58870.21
Nissan,X-Trail,2022,137488,1.6,Robot,SUV,Diesel,Green,4,35139.89
BMW,3 Series,2019,158588,1.2,Automatic,SUV,Electric,Brown,5,47114.3
Mercedes,GLE,2000,21447,2.0,CVT,SUV,Electric,Black,2,52930.29
Volkswagen,Tiguan,2020,186339,3.0,Manual,Sedan,Hybrid,Grey,2,46295.2
Volkswagen,Tiguan,2022,58810,2.7,Automatic,Wagon,Petrol,Brown,3,53506.32
BMW,X3,2013,284154,1.5,Manual,Sedan,Electric,Brown,3,40970.4
Kia,Sportage,2013,15282,1.4,Automatic,SUV,Petrol,Grey,5,45286.23
Ford,Mondeo,2008,273146,3.0,CVT,Sedan,Electric,Silver,4,30616.63
Audi,A4,2003,43472,4.0,Manual,Sedan,Electric,Grey,2,51259.53
Audi,Q5,2008,92493,4.0,Manual,Wagon,Hybrid,Grey,5,51581.59
Volkswagen,Golf,2023,117886,5.0,CVT,Coupe,Diesel,White,5,61098.97
BMW,X3,2013,49812,1.6,Robot,Wagon,Petrol,Silver,5,46156.35
Toyota,Camry,2023,59871,1.0,Robot,Coupe,Hybrid,Green,5,54177.72
Volkswagen,Touareg,2013,288793,1.5,Manual,Coupe,Hybrid,Red,5,36923.88
Ford,Kuga,2003,30795,3.5,CVT,Wagon,Diesel,Brown,3,43779.89
Ford,Focus,2000,163399,2.0,Automatic,Sedan,Diesel,White,2,21353.6
Hyundai,Tucson,2009,111032,3.5,Manual,Sedan,Hybrid,Brown,3,41219.37
BMW,X5,2012,194387,2.2,Manual,Coupe,Petrol,Red,2,40592.44
Toyota,Land Cruiser,2009,136554,1.8,Automatic,Sedan,Petrol,Brown,2,28605.16
Toyota,Corolla,2016,295767,1.6,CVT,SUV,Hybrid,Green,2,38352.69
Toyota,Land Cruiser,2011,8210,3.0,Robot,Coupe,Petrol,Blue,5,43458.11
Toyota,Corolla,2006,230363,2.5,Manual,Sedan,Hybrid,Red,4,32756.43
Toyota,RAV4,2019,285521,1.2,Automatic,Wagon,Diesel,White,4,34555.37
Mercedes,E-Class,2004,229010,5.0,Robot,Wagon,Petrol,White,5,36852.29
Ford,Mondeo,2008,141130,3.5,Automatic,Hatchback,Hybrid,Red,2,35357.25
Kia,Sportage,2002,256453,2.7,Manual,Hatchback,Petrol,Red,4,18332.49
Toyota,Corolla,2011,2282,1.0,CVT,Coupe,Hybrid,Black,2,46124.2
Audi,A6,2016,119006,2.4,CVT,Sedan,Diesel,Grey,2,43097.09
BMW,3 Series,2022,231496,1.6,Automatic,Hatchback,Diesel,Grey,5,49338.55
Honda,CR-V,2002,79003,3.0,CVT,Sedan,Hybrid,Green,5,36162.03
Toyota,Land Cruiser,2006,68803,1.6,Robot,Sedan,Petrol,Green,5,32196.77
BMW,3 Series,2009,17297,3.0,CVT,SUV,Hybrid,Green,4,47323.5
Volkswagen,Touareg,2004,208559,1.5,Robot,Wagon,Diesel,White,4,20870.67
Mercedes,C-Class,2012,150871,2.7,CVT,SUV,Petrol,Grey,3,39510.59
Honda,Accord,2014,250100,4.0,Automatic,Coupe,Diesel,Blue,2,36817.88
Nissan,Patrol,2004,31778,2.0,Automatic,Wagon,Diesel,Grey,2,34937.69
Volkswagen,Touareg,2004,2352,3.5,Automatic,Coupe,Diesel,Blue,4,47039.38
Ford,Kuga,2002,140641,3.5,CVT,Hatchback,Petrol,Blue,3,24925.02
Ford,Kuga,2000,99931,5.0,Robot,Coupe,Hybrid,Blue,4,44065.23
Honda,CR-V,2003,194994,3.5,Manual,SUV,Electric,Black,5,40693.31
BMW,3 Series,2006,150023,3.0,Manual,Sedan,Petrol,Grey,3,34229.86
BMW,X3,2020,288565,3.5,CVT,Wagon,Diesel,Blue,3,44817.8
Toyota,Land Cruiser,2019,66093,2.5,Robot,Sedan,Hybrid,Silver,3,52164.45
Mercedes,GLE,2005,72805,2.7,Manual,SUV,Hybrid,Brown,2,56403.89
Audi,A6,2017,18354,5.0,CVT,Wagon,Hybrid,Blue,4,59800.11
Kia,Sorento,2019,270160,1.0,Manual,Sedan,Electric,Brown,4,33989.29
Audi,A4,2014,24045,3.5,CVT,Hatchback,Electric,Red,2,55263.4
Volkswagen,Tiguan,2002,118325,2.5,Automatic,Coupe,Electric,Grey,3,42867.25
Kia,Cerato,2014,289954,1.4,Automatic,Hatchback,Petrol,Brown,4,24108.48
Ford,Kuga,2000,163864,1.6,Manual,Coupe,Petrol,Brown,5,22474.83
Toyota,Land Cruiser,2002,146110,2.2,CVT,Sedan,Diesel,Red,3,29903.84
Mercedes,E-Class,2005,281954,2.2,CVT,Wagon,Petrol,Blue,5,24400.22
Hyundai,Solaris,2022,143521,2.5,Robot,Wagon,Diesel,Black,3,43238.92
Hyundai,Tucson,2001,261570,2.2,CVT,SUV,Diesel,Blue,4,20217.5
Kia,Cerato,2020,122258,1.6,CVT,Sedan,Petrol,Red,4,38118.73
Toyota,RAV4,2022,38333,2.5,Automatic,Wagon,Electric,Red,5,60180.08
Honda,Accord,2019,14743,5.0,Automatic,Wagon,Petrol,Silver,4,68540.13
Hyundai,Elantra,2011,235422,4.0,Automatic,Hatchback,Electric,Black,4,37307.76
Volkswagen,Passat,2016,290134,2.2,Automatic,Sedan,Diesel,Blue,5,34953.67
Kia,Sorento,2010,234104,1.0,CVT,SUV,Petrol,Silver,3,28671.3
BMW,3 Series,2018,133296,1.8,Robot,Wagon,Hybrid,Blue,2,45096.84
Nissan,X-Trail,2000,92122,2.4,Robot,Hatchback,Hybrid,Green,2,34859.93
Toyota,Land Cruiser,2011,111022,2.4,Automatic,Sedan,Petrol,Grey,4,40083.04
BMW,X5,2004,279652,1.8,Robot,Wagon,Electric,White,4,30040.4
BMW,X5,2008,2257,1.6,Manual,Wagon,Hybrid,Black,5,48493.29
Kia,Rio,2005,118581,2.2,Automatic,Sedan,Electric,Blue,4,31003.13
Hyundai,Santa Fe,2006,154626,3.0,Automatic,Wagon,Electric,Blue,5,39704.95
Hyundai,Elantra,2021,60948,3.0,CVT,SUV,Petrol,White,2,51438.52
Audi,A6,2013,290316,1.6,Automatic,Hatchback,Diesel,White,5,30772.52
Nissan,X-Trail,2002,182885,1.0,Robot,Wagon,Electric,Blue,4,29538.07
Ford,Kuga,2016,239719,3.0,Automatic,Wagon,Hybrid,Red,2,36662.46
Nissan,X-Trail,2014,114397,2.4,Automatic,Coupe,Diesel,Green,5,35016.83
Ford,Mondeo,2006,61240,4.0,Robot,SUV,Petrol,Grey,2,37239.36
Ford,Kuga,2018,152008,2.7,Robot,Sedan,Hybrid,White,5,33687.09
Mercedes,GLE,2002,225180,2.4,Manual,Hatchback,Diesel,Grey,2,26556.67
Ford,Mondeo,2003,112217,2.2,Manual,Coupe,Electric,Brown,5,39075.46
Volkswagen,Golf,2016,169530,2.5,Robot,Hatchback,Petrol,Black,2,35768.96
Nissan,X-Trail,2012,186823,2.2,Robot,Wagon,Hybrid,Silver,2,36371.26
Hyundai,Elantra,2014,250541,1.2,Automatic,Sedan,Diesel,Blue,5,27629.94
Mercedes,C-Class,2010,35063,1.8,Manual,Hatchback,Diesel,Silver,3,46287.87
Audi,A6,2004,253317,1.8,Automatic,Hatchback,Diesel,Black,3,23111.36
BMW,5 Series,2005,43527,3.0,Manual,SUV,Electric,White,2,52385.99
Volkswagen,Golf,2015,275011,1.4,Robot,SUV,Diesel,Red,2,36742.28
Audi,A4,2017,236562,2.0,CVT,Hatchback,Diesel,Red,5,40665.65
Honda,Civic,2010,276266,1.6,Robot,Hatchback,Diesel,Green,5,27759.22
Nissan,Patrol,2003,111086,4.0,Manual,SUV,Hybrid,White,4,42840.61
Audi,A6,2003,139227,3.0,Automatic,SUV,Petrol,Brown,3,41408.54
Hyundai,Elantra,2022,205743,2.7,Automatic,Coupe,Hybrid,White,2,52875.78
Nissan,Patrol,2008,40695,2.0,CVT,Hatchback,Hybrid,White,5,39838.83
Kia,Rio,2006,85744,1.4,Robot,Wagon,Petrol,Red,4,28823.38
Nissan,Teana,2016,45740,1.5,Manual,Wagon,Petrol,Silver,3,38121.93
Mercedes,C-Class,2017,63232,2.5,Automatic,Coupe,Electric,Grey,4,51145.39
Kia,Rio,2000,218512,1.8,Automatic,Coupe,Petrol,Blue,5,18459.94
Audi,Q7,2010,46002,1.6,CVT,Wagon,Diesel,Silver,4,42894.13
Ford,Kuga,2007,269956,1.6,Automatic,Wagon,Hybrid,Black,5,24356.81
Honda,Civic,2007,173423,1.4,Robot,Wagon,Diesel,White,4,18706.37
Hyundai,Tucson,2007,145342,3.5,Robot,Hatchback,Petrol,Brown,5,31820.06
Nissan,Patrol,2002,147745,2.4,Manual,Coupe,Electric,Grey,4,33646.99
Audi,A6,2008,49976,3.5,Manual,Wagon,Diesel,Red,2,50826.2
Kia,Cerato,2007,219526,2.0,Automatic,Coupe,Petrol,Grey,4,23139.26
BMW,X3,2003,216232,1.6,Manual,Hatchback,Diesel,Red,3,24121.43
Audi,A4,2015,30106,1.4,Automatic,Sedan,Diesel,Brown,4,52394.25
Volkswagen,Golf,2007,15088,2.7,CVT,Hatchback,Diesel,Brown,4,38908.53
Honda,CR-V,2008,205776,2.7,Robot,Hatchback,Diesel,White,2,23131.72
Kia,Sportage,2020,142180,1.8,Manual,Sedan,Hybrid,White,4,46125.23
Mercedes,C-Class,2008,282727,5.0,Robot,SUV,Diesel,White,4,50891.46
Kia,Rio,2001,275194,2.4,Manual,Sedan,Petrol,Red,3,21848.32
Mercedes,GLE,2020,25675,5.0,Manual,Sedan,Petrol,Silver,3,66984.53
Mercedes,E-Class,2016,201554,2.7,Robot,SUV,Electric,Red,3,49124.73
Toyota,Camry,2001,168636,2.0,Robot,SUV,Petrol,Silver,3,26411.59
BMW,3 Series,2000,242188,4.0,CVT,SUV,Electric,Brown,4,42209.05
Nissan,Almera,2019,121950,1.5,Robot,Hatchback,Electric,Red,4,41530.44
Hyundai,Tucson,2002,286479,2.0,CVT,SUV,Diesel,Grey,5,24106.66
Hyundai,Santa Fe,2000,131184,3.0,Automatic,Coupe,Hybrid,Blue,4,34336.29
Audi,A4,2013,154692,1.8,Robot,SUV,Petrol,Red,3,40139.09
Kia,Sportage,2021,252100,2.7,Automatic,Wagon,Petrol,Blue,5,40467.33
Ford,Kuga,2021,122332,2.2,Robot,Coupe,Electric,Black,4,58072.63
Nissan,Almera,2007,185917,3.5,Automatic,Sedan,Diesel,Red,3,30438.38
Audi,A6,2019,218800,3.0,CVT,SUV,Hybrid,Black,3,46014.14
Kia,Sportage,2015,196375,2.5,Automatic,Hatchback,Hybrid,Green,4,35354.67
Mercedes,GLE,2018,232930,5.0,Automatic,Coupe,Diesel,Red,4,48147.17
Volkswagen,Tiguan,2009,12360,1.0,Robot,Sedan,Hybrid,Grey,4,47676.73
Toyota,RAV4,2009,146510,2.7,Automatic,SUV,Electric,Blue,4,44487.64
Hyundai,Elantra,2003,84381,2.4,Manual,Wagon,Petrol,White,2,25213.1
Mercedes,GLC,2000,106121,1.5,Manual,Coupe,Diesel,Black,5,35791.5
Volkswagen,Touareg,2005,82289,2.7,Automatic,Hatchback,Hybrid,Grey,4,39943.92
Kia,Sportage,2018,197467,1.0,CVT,Sedan,Petrol,Black,3,30469.17
Mercedes,C-Class,2007,272422,1.0,Manual,Wagon,Hybrid,Brown,4,29878.99
Nissan,Almera,2010,34397,2.0,Automatic,Hatchback,Diesel,Green,4,32019.3
Mercedes,GLC,2012,113143,4.0,CVT,Hatchback,Diesel,White,4,49364.57
BMW,5 Series,2009,23248,2.4,Manual,SUV,Petrol,Green,2,58157.26
Toyota,Camry,2004,143927,2.7,Manual,Hatchback,Petrol,Black,4,30406.39
Hyundai,Santa Fe,2017,130299,2.7,Manual,Wagon,Diesel,Black,4,41668.74
Volkswagen,Touareg,2010,269496,3.5,Robot,Coupe,Hybrid,Red,5,36601.48
Honda,Civic,2000,293925,1.6,Robot,Coupe,Petrol,White,3,20941.85
Audi,A6,2006,166508,5.0,Robot,SUV,Hybrid,Grey,2,57937.85
Kia,Rio,2019,242998,4.0,Robot,Coupe,Electric,Red,3,38629.11
Toyota,Camry,2006,23408,1.6,Manual,Sedan,Diesel,Silver,2,32113.67
Volkswagen,Golf,2009,76240,3.0,CVT,SUV,Diesel,White,4,44045.04
Volkswagen,Golf,2014,263844,2.0,Manual,Wagon,Hybrid,Brown,4,41393.63
Audi,A6,2004,14955,1.2,Automatic,Sedan,Diesel,White,3,38780.53
Nissan,X-Trail,2013,152185,2.5,CVT,Wagon,Hybrid,Grey,3,47825.62
Ford,Kuga,2014,178933,5.0,CVT,Wagon,Electric,Brown,4,49848.71
Kia,Sportage,2000,36320,1.4,CVT,Hatchback,Electric,Green,3,35477.58
BMW,3 Series,2021,200796,5.0,Manual,Sedan,Petrol,Brown,2,44210.38
Ford,Mondeo,2016,120076,1.6,Automatic,Sedan,Hybrid,Green,3,30061.35
Toyota,Camry,2016,39082,2.4,CVT,Coupe,Hybrid,Green,2,52394.46
Audi,Q5,2015,236187,2.4,Robot,Sedan,Petrol,White,3,37499.74
BMW,5 Series,2008,717,3.5,CVT,SUV,Diesel,White,2,62118.22
BMW,X3,2020,37405,2.4,Robot,Hatchback,Hybrid,Brown,5,50580.5
Hyundai,Santa Fe,2014,156379,1.5,Manual,Sedan,Petrol,Black,3,30701.51
Volkswagen,Tiguan,2019,176348,2.7,Automatic,Coupe,Hybrid,Silver,4,39420.29
Ford,Mondeo,2003,22010,3.0,Robot,SUV,Diesel,Green,4,35608.32
Honda,Accord,2016,276827,5.0,Robot,Hatchback,Petrol,Brown,4,39708.48
Kia,Cerato,2004,163244,4.0,CVT,Hatchback,Electric,White,4,34816.71
Audi,Q5,2011,282140,2.7,CVT,Wagon,Petrol,Green,5,31063.69
Ford,Kuga,2002,247572,2.5,Robot,Hatchback,Petrol,Blue,3,19875.24
Nissan,Patrol,2009,232892,3.5,CVT,SUV,Petrol,Brown,2,31969.91
Nissan,Patrol,2010,232654,1.0,Automatic,Hatchback,Diesel,Grey,4,20626.64
Nissan,X-Trail,2017,7485,1.0,Robot,Sedan,Hybrid,Silver,3,44592.38
Audi,A6,2013,197530,1.5,CVT,Hatchback,Hybrid,Blue,4,40343.97
Mercedes,GLE,2022,125814,1.8,Robot,Wagon,Diesel,Blue,5,44565.15
Toyota,Corolla,2021,151956,1.4,CVT,Coupe,Electric,Brown,3,37456.82
Honda,Accord,2023,65901,2.7,Robot,Coupe,Hybrid,Brown,2,56902.17
Toyota,Camry,2005,297647,2.7,Robot,Wagon,Hybrid,Blue,4,30535.82
Nissan,X-Trail,2012,23386,1.4,CVT,Coupe,Petrol,White,4,40386.67
BMW,5 Series,2010,114589,5.0,Robot,Coupe,Hybrid,Red,3,53674.08
Hyundai,Elantra,2016,167679,2.7,Automatic,SUV,Hybrid,Brown,2,44404.18
Kia,Sorento,2018,141994,1.2,Automatic,Coupe,Hybrid,White,5,44567.43
BMW,X3,2023,267885,1.2,CVT,Wagon,Petrol,Green,4,30305.57
Honda,Accord,2016,52691,1.8,Manual,SUV,Electric,Silver,2,45586.08
Honda,CR-V,2022,178646,2.7,Manual,Wagon,Petrol,Green,2,40000.25
Volkswagen,Passat,2021,253187,1.0,CVT,Wagon,Diesel,Red,3,34988.19
Toyota,Corolla,2013,217741,1.2,Robot,Hatchback,Electric,White,4,33390.89
Hyundai,Elantra,2019,243877,1.4,Robot,Hatchback,Diesel,Blue,2,27855.03
Honda,Civic,2016,150245,1.2,Robot,Hatchback,Hybrid,Brown,5,34925.3
Hyundai,Solaris,2007,98000,1.5,Robot,SUV,Hybrid,Brown,2,37180.59
Hyundai,Santa Fe,2020,105686,2.2,Robot,Sedan,Hybrid,Silver,5,49885.94
Ford,Focus,2007,140148,4.0,Automatic,Wagon,Electric,Green,2,37789.77
Ford,Focus,2016,35903,2.5,Automatic,Coupe,Hybrid,Red,4,49084.37
Nissan,Teana,2019,200753,1.8,Robot,Hatchback,Electric,Grey,4,45582.76
Audi,Q7,2002,65149,2.4,Robot,Wagon,Electric,Green,5,47353.98
Hyundai,Santa Fe,2009,253347,3.5,Manual,Wagon,Petrol,Black,3,25643.66
Mercedes,GLC,2017,274597,5.0,Robot,Hatchback,Hybrid,Green,4,59711.67
Audi,Q7,2005,165129,2.2,Robot,SUV,Electric,Brown,5,43920.7
Ford,Focus,2000,287710,2.5,Manual,Hatchback,Petrol,Brown,3,22303.82
Honda,CR-V,2011,73616,5.0,Automatic,Coupe,Petrol,Brown,2,45276.06
Hyundai,Santa Fe,2020,54353,3.5,Robot,Sedan,Hybrid,Grey,5,60359.63
Kia,Sportage,2015,285713,2.0,CVT,Wagon,Hybrid,White,5,38952.28
Hyundai,Solaris,2012,123728,1.0,Manual,SUV,Petrol,White,5,40713.46
Mercedes,GLE,2006,109388,2.7,Automatic,Wagon,Petrol,Red,4,38572.51
BMW,3 Series,2021,117473,1.8,Robot,Coupe,Diesel,Brown,4,44377.42
BMW,5 Series,2002,276223,2.7,Robot,Sedan,Hybrid,Green,2,34443.22
Audi,A6,2019,150872,5.0,Manual,Coupe,Diesel,Grey,4,63084.02
Nissan,Teana,2016,41235,1.5,Manual,Sedan,Diesel,Grey,2,45488.3
Toyota,RAV4,2012,113936,2.2,Automatic,Hatchback,Hybrid,Blue,4,35941.1
Nissan,X-Trail,2012,221094,1.6,Manual,Wagon,Petrol,Blue,5,24637.06
Ford,Mondeo,2021,230097,5.0,Manual,Coupe,Electric,Black,2,52146.53
Audi,A6,2020,181871,2.0,Manual,SUV,Electric,Green,2,62652.27
Mercedes,E-Class,2011,235998,1.6,CVT,Wagon,Diesel,White,2,38750.75
Toyota,Land Cruiser,2002,275553,2.4,Robot,Wagon,Petrol,Blue,3,20834.27
Kia,Rio,2007,188487,2.7,Automatic,Wagon,Petrol,Silver,5,31047.88
Toyota,Land Cruiser,2020,290198,2.2,Automatic,Hatchback,Diesel,Blue,2,39219.6
BMW,5 Series,2007,217314,1.4,CVT,Sedan,Petrol,Silver,3,30255.56
Toyota,Camry,2018,211127,1.8,Robot,Hatchback,Diesel,Green,2,33952.16
BMW,X5,2003,208547,2.5,Manual,Wagon,Diesel,Brown,2,32519.38
BMW,5 Series,2002,186093,2.2,Robot,SUV,Electric,White,3,45022.23
Honda,Civic,2011,275399,2.2,Robot,Hatchback,Electric,Red,5,33164.54
Hyundai,Santa Fe,2023,252557,3.5,Manual,Hatchback,Hybrid,Black,5,42022.34
Volkswagen,Passat,2008,238483,2.2,Automatic,SUV,Hybrid,Brown,2,34315.13
Kia,Rio,2011,277785,5.0,Automatic,Hatchback,Electric,Grey,4,49128.94
Mercedes,GLC,2015,67766,1.0,Automatic,Sedan,Diesel,Red,4,42536.55
Toyota,Land Cruiser,2021,13780,4.0,Manual,Sedan,Electric,Red,2,51747.88
Nissan,Teana,2013,54195,5.0,Automatic,Sedan,Petrol,Brown,2,41008.65
Ford,Kuga,2017,78484,3.0,CVT,SUV,Electric,Black,3,48501.93
Kia,Sorento,2016,55798,2.7,Manual,Coupe,Diesel,Blue,2,41463.79
Volkswagen,Golf,2004,292410,1.2,Manual,Wagon,Hybrid,Red,4,25054.29
Ford,Mondeo,2012,121724,1.8,Robot,Hatchback,Diesel,White,4,33647.24
Honda,CR-V,2019,121688,3.0,Manual,Coupe,Hybrid,White,2,50762.39
Kia,Sportage,2009,165289,1.6,CVT,Sedan,Diesel,Red,4,24485.97
Toyota,Corolla,2021,128652,1.0,Automatic,Sedan,Electric,Red,2,39703.25
Volkswagen,Tiguan,2013,237069,5.0,Robot,Coupe,Hybrid,Red,2,41803.37
Audi,Q7,2002,140347,1.8,Manual,Hatchback,Petrol,Green,2,22494.44
Honda,Accord,2014,44036,2.5,Robot,SUV,Electric,Black,3,56800.9
Ford,Kuga,2014,12306,5.0,CVT,Wagon,Hybrid,White,4,56066.93
BMW,X5,2003,40863,2.5,Robot,Wagon,Electric,Brown,2,52745.79
Honda,Civic,2002,168735,1.5,Manual,Hatchback,Electric,Red,2,27550.03
Mercedes,GLE,2015,135899,4.0,Robot,Coupe,Diesel,Grey,5,52093.1
Volkswagen,Touareg,2023,200462,2.7,CVT,Sedan,Hybrid,Blue,3,50132.62
Hyundai,Tucson,2023,58219,1.4,CVT,Hatchback,Petrol,White,5,50711.38
Honda,Accord,2004,147878,3.0,Automatic,SUV,Diesel,Blue,4,31249.78
Audi,A6,2005,255927,2.5,Manual,Wagon,Electric,Blue,4,26836.93
Hyundai,Elantra,2008,189651,1.8,Robot,SUV,Hybrid,Silver,3,32642.93
Toyota,Land Cruiser,2003,21438,1.5,Manual,Sedan,Hybrid,Blue,5,42281.14
Volkswagen,Golf,2019,215189,2.0,CVT,Coupe,Hybrid,Black,4,43604.2
Kia,Sorento,2011,240909,1.0,Automatic,Sedan,Hybrid,White,2,30077.28
Audi,Q5,2019,194840,3.0,Automatic,Coupe,Electric,Brown,4,46087.26
Kia,Cerato,2013,91128,4.0,Automatic,Sedan,Petrol,Red,4,37744.15
BMW,X3,2010,40149,3.5,CVT,Sedan,Electric,Red,5,59468.49
Honda,Civic,2009,156625,1.8,CVT,SUV,Electric,White,4,37941.27
Nissan,Patrol,2005,79211,2.7,CVT,Hatchback,Electric,Grey,2,40327.71
Mercedes,GLC,2021,39553,2.5,CVT,SUV,Hybrid,Green,4,60732.57
Ford,Mondeo,2007,242555,3.0,Manual,SUV,Petrol,Green,2,31251.1
Toyota,Land Cruiser,2003,191444,2.2,Manual,Hatchback,Electric,Grey,5,30061.98
Audi,A6,2022,285071,4.0,Automatic,Coupe,Electric,Grey,2,54222.62
Audi,A4,2002,69518,1.5,CVT,Wagon,Hybrid,Blue,3,36284.65
Ford,Focus,2019,80152,1.8,CVT,Wagon,Diesel,Red,5,38962.84
Honda,Civic,2021,20323,4.0,Manual,SUV,Hybrid,Black,2,54653.72
Mercedes,C-Class,2006,228338,1.4,Automatic,Wagon,Hybrid,Green,2,29365.69
Mercedes,C-Class,2003,3121,1.2,Manual,Wagon,Hybrid,Red,4,51609.62
Honda,Civic,2009,75910,1.5,CVT,Hatchback,Diesel,Green,5,30124.3
BMW,3 Series,2020,54460,5.0,CVT,Coupe,Electric,Black,4,59183.19
Hyundai,Solaris,2015,246686,2.7,Robot,Sedan,Hybrid,Green,2,30125.16
Mercedes,GLC,2014,90417,3.0,CVT,Sedan,Petrol,Silver,5,51094.19
Audi,A6,2006,226921,2.2,Robot,Wagon,Hybrid,Black,4,30588.28
Hyundai,Elantra,2010,180418,2.5,CVT,Sedan,Diesel,Black,2,32709.99
Mercedes,E-Class,2009,295209,2.2,Manual,Coupe,Electric,White,3,50426.1
Nissan,X-Trail,2004,148725,3.5,Automatic,Sedan,Electric,Black,4,39442.55
Hyundai,Solaris,2011,51033,2.4,Automatic,Sedan,Diesel,Brown,5,35651.13
Ford,Mondeo,2000,212603,1.5,Robot,SUV,Diesel,Green,2,21897.13
Ford,Focus,2009,281197,4.0,Manual,Hatchback,Electric,Red,3,42329.73
Nissan,Patrol,2021,136645,1.5,Manual,Wagon,Diesel,Red,4,41937.57
Kia,Sorento,2000,27564,1.5,Robot,Hatchback,Diesel,Silver,4,30825.17
Audi,Q7,2020,191591,1.4,Automatic,Wagon,Electric,White,2,47778.01
Toyota,Corolla,2021,268782,3.0,Automatic,Coupe,Petrol,Silver,5,38840.01
Ford,Kuga,2013,234318,2.7,Manual,Coupe,Hybrid,Silver,2,32736.97
Ford,Focus,2019,244936,3.5,Automatic,Sedan,Hybrid,Red,3,43969.09
Audi,Q7,2007,287360,1.5,Robot,SUV,Hybrid,Green,3,41791.82
Nissan,Patrol,2002,296898,1.0,CVT,Hatchback,Petrol,Green,2,12094.63
Toyota,Camry,2019,269637,2.2,Manual,SUV,Petrol,Silver,5,38618.84
Mercedes,C-Class,2019,232520,2.0,Robot,SUV,Diesel,Silver,3,41012.31
Kia,Cerato,2019,174004,3.5,Automatic,SUV,Hybrid,Brown,5,53553.56
BMW,5 Series,2022,56396,3.0,Manual,Wagon,Electric,Silver,5,81015.3
Ford,Kuga,2011,185550,5.0,CVT,SUV,Diesel,Black,4,42053.79
BMW,X5,2005,135909,1.0,Automatic,Wagon,Petrol,Silver,5,32599.53
Hyundai,Tucson,2019,229638,2.7,CVT,Coupe,Electric,White,5,46527.34
BMW,3 Series,2004,258093,1.6,Robot,Sedan,Petrol,White,2,31850.17
Volkswagen,Passat,2019,15989,1.5,CVT,Sedan,Hybrid,Red,3,56065.27
Ford,Focus,2022,82666,5.0,Manual,Hatchback,Petrol,Red,2,52175.34
BMW,3 Series,2003,158477,4.0,CVT,Wagon,Petrol,Silver,5,35523.21
Kia,Sportage,2005,289385,2.7,CVT,Coupe,Electric,Red,5,36609.91
Nissan,Teana,2022,186584,2.5,CVT,Sedan,Diesel,White,2,37821.54
Honda,Accord,2019,268011,1.6,Robot,Hatchback,Electric,White,5,36473.54
Volkswagen,Passat,2003,63965,1.2,Manual,Coupe,Hybrid,Brown,2,33105.25
Mercedes,GLC,2010,234778,4.0,Manual,Hatchback,Electric,Grey,2,42168.7
BMW,X3,2003,86436,1.0,CVT,Hatchback,Electric,Green,2,48984.31
Mercedes,E-Class,2020,28926,2.0,Manual,Sedan,Hybrid,Black,3,57411.02
Ford,Mondeo,2012,86597,3.0,Robot,SUV,Petrol,Black,4,44856.99
Ford,Focus,2021,239350,3.5,Manual,SUV,Diesel,Blue,4,49976.57
Honda,CR-V,2020,16555,1.8,Automatic,SUV,Hybrid,Silver,3,48463.83
Toyota,Land Cruiser,2010,201283,2.7,Automatic,Wagon,Petrol,Black,2,27078.0
Hyundai,Elantra,2001,19627,5.0,Automatic,Hatchback,Petrol,Green,2,39880.26
BMW,X3,2016,107449,3.5,Automatic,Coupe,Hybrid,Blue,3,55911.15
Audi,Q7,2009,126202,2.0,Automatic,Coupe,Hybrid,Green,4,40998.82
BMW,5 Series,2011,298277,3.5,Manual,SUV,Hybrid,Brown,5,43761.99
Ford,Mondeo,2019,299182,1.5,CVT,Coupe,Hybrid,Blue,5,44677.66
Kia,Sorento,2013,65524,2.4,CVT,Hatchback,Petrol,Red,5,46025.49
Toyota,Corolla,2011,227328,2.5,CVT,Sedan,Petrol,Black,5,31600.02
Mercedes,C-Class,2022,14506,1.8,CVT,Coupe,Hybrid,White,3,69934.77
Honda,CR-V,2018,95386,5.0,Manual,Wagon,Electric,White,5,57877.99
Hyundai,Santa Fe,2006,223660,3.5,Manual,Sedan,Electric,Red,3,37091.2
Honda,Accord,2009,231414,3.5,Automatic,Wagon,Hybrid,Blue,3,39788.6
BMW,X3,2006,170521,4.0,Automatic,Coupe,Electric,Brown,2,52983.27
Toyota,RAV4,2010,186443,2.0,Robot,Wagon,Electric,Silver,2,37060.94
Toyota,Corolla,2002,229502,1.4,Robot,Coupe,Diesel,Green,5,22312.67
Volkswagen,Passat,2015,176111,1.4,Robot,Coupe,Diesel,Brown,5,36245.8
Nissan,Patrol,2020,118248,1.0,Automatic,SUV,Electric,Green,4,56561.15
Ford,Mondeo,2012,131562,1.2,CVT,Sedan,Petrol,White,4,37294.93
Honda,CR-V,2014,225959,1.4,Automatic,Hatchback,Electric,Grey,4,40464.6
Volkswagen,Tiguan,2008,34924,2.4,CVT,Coupe,Diesel,Brown,5,41754.17
Mercedes,C-Class,2021,137844,3.0,Manual,Wagon,Petrol,Black,2,44651.89
Nissan,Teana,2008,100485,2.7,Manual,Coupe,Diesel,Red,2,34454.31
BMW,X3,2020,202258,1.2,Robot,Sedan,Electric,Blue,5,45149.1
BMW,5 Series,2000,22499,2.4,Manual,Sedan,Electric,Red,4,39396.55
BMW,X3,2018,27464,1.0,Automatic,SUV,Petrol,Black,5,56622.53
Hyundai,Tucson,2017,81441,2.4,Manual,Coupe,Diesel,Blue,3,46667.72
Nissan,Teana,2019,190195,3.5,Manual,Wagon,Hybrid,Brown,2,39915.44
Kia,Cerato,2003,27856,5.0,CVT,Sedan,Electric,Blue,4,55666.3
Honda,Civic,2012,105219,2.5,Manual,Hatchback,Petrol,Green,2,37716.71
Hyundai,Tucson,2015,176318,4.0,Robot,Sedan,Diesel,Blue,4,37414.99
Mercedes,GLE,2012,16932,2.5,Robot,Sedan,Electric,Green,3,56678.1
Volkswagen,Touareg,2022,42598,2.2,Robot,Coupe,Hybrid,Blue,3,60854.93
Kia,Sportage,2017,287507,3.0,CVT,Sedan,Petrol,Black,2,33622.29
Nissan,X-Trail,2009,159094,1.8,CVT,Hatchback,Hybrid,Black,4,36318.46
BMW,5 Series,2018,99694,4.0,Robot,Sedan,Electric,Green,2,65578.1
Ford,Kuga,2022,5586,1.8,Robot,SUV,Petrol,White,5,47826.25
Hyundai,Elantra,2015,219730,2.5,Manual,Coupe,Petrol,Green,4,32386.23
Nissan,Teana,2003,65431,1.2,CVT,Coupe,Diesel,White,4,37997.37
Nissan,X-Trail,2018,72573,1.2,Robot,SUV,Hybrid,Red,2,48099.45
BMW,5 Series,2015,152117,2.2,CVT,SUV,Electric,Silver,5,57135.63
Ford,Focus,2012,264860,5.0,Robot,Wagon,Hybrid,Silver,4,38670.01
Volkswagen,Golf,2007,259590,2.7,Manual,SUV,Electric,Red,4,34367.36
Nissan,Almera,2000,256574,1.5,Manual,Sedan,Hybrid,Green,2,21134.23
BMW,X5,2004,173615,1.4,Robot,SUV,Electric,Red,4,41151.97
Toyota,Land Cruiser,2023,178838,1.2,Automatic,Hatchback,Hybrid,Green,3,41477.27
Honda,CR-V,2007,53634,4.0,CVT,Coupe,Petrol,Black,5,42330.49
Mercedes,C-Class,2012,41505,4.0,CVT,Wagon,Diesel,White,2,56381.04
Honda,Accord,2021,296902,3.5,CVT,Coupe,Petrol,Red,3,41676.49
Hyundai,Elantra,2019,277948,1.6,Automatic,SUV,Petrol,Brown,3,33033.76
Nissan,Patrol,2016,140202,1.0,Robot,Hatchback,Hybrid,Black,5,29359.87
Volkswagen,Golf,2006,159379,1.4,Manual,Coupe,Electric,White,2,35554.97
Nissan,Almera,2001,171349,1.8,Automatic,Hatchback,Hybrid,Blue,3,26326.78
Ford,Focus,2000,215,1.5,Robot,Coupe,Diesel,Silver,4,35753.44
Toyota,Land Cruiser,2009,33896,2.0,Robot,Wagon,Diesel,Red,5,42682.38
Hyundai,Santa Fe,2016,144401,1.8,Manual,Sedan,Petrol,Silver,4,31569.5
Nissan,Almera,2014,295830,1.8,CVT,Hatchback,Diesel,Black,5,29569.91
Nissan,X-Trail,2007,113221,1.8,Automatic,Sedan,Electric,Red,2,39134.86
Mercedes,E-Class,2010,104186,5.0,Robot,Hatchback,Hybrid,Brown,4,46929.66
Volkswagen,Tiguan,2022,204603,1.4,Automatic,Coupe,Diesel,Silver,5,38911.82
BMW,3 Series,2009,137152,5.0,Automatic,Hatchback,Hybrid,Black,2,55532.34
Hyundai,Elantra,2002,81463,2.0,CVT,Sedan,Electric,Black,4,32114.59
Honda,Civic,2000,121684,3.5,Automatic,Coupe,Petrol,Silver,2,31624.79
Volkswagen,Touareg,2015,143424,1.5,Automatic,SUV,Petrol,White,4,36186.62
Ford,Kuga,2011,19782,3.0,CVT,Hatchback,Diesel,Blue,5,42815.89
BMW,5 Series,2009,256433,3.5,Manual,Coupe,Electric,Red,3,52920.33
Kia,Sorento,2000,49589,5.0,Manual,Hatchback,Diesel,Silver,3,36368.16
Ford,Mondeo,2012,233294,3.0,CVT,Hatchback,Petrol,Green,5,28433.4
Ford,Kuga,2004,113793,2.0,Automatic,Sedan,Electric,Green,3,40920.5
Nissan,X-Trail,2014,113218,2.0,Manual,Hatchback,Petrol,White,2,33217.56
Ford,Kuga,2002,56633,5.0,Automatic,SUV,Hybrid,White,2,56896.63
Volkswagen,Tiguan,2009,297542,2.5,Automatic,Wagon,Petrol,Red,5,30123.62
Toyota,Corolla,2009,242878,5.0,Automatic,SUV,Electric,Grey,5,49688.65
Toyota,Land Cruiser,2013,152049,2.5,Automatic,Wagon,Diesel,Green,2,44386.79
Kia,Sportage,2021,48639,5.0,Automatic,Sedan,Hybrid,Black,2,51756.11
Volkswagen,Golf,2012,294311,4.0,Robot,Sedan,Petrol,Brown,2,37705.2
Kia,Cerato,2023,265864,1.5,Manual,Sedan,Petrol,Black,5,40655.24
Audi,A4,2017,82844,2.2,Automatic,Coupe,Petrol,Black,3,51524.35
Mercedes,C-Class,2012,51272,4.0,Manual,Coupe,Hybrid,Grey,3,74488.95
Kia,Rio,2014,229530,5.0,Robot,Coupe,Hybrid,Silver,3,44485.95
Mercedes,E-Class,2013,12379,1.0,Automatic,Coupe,Hybrid,Black,2,54236.48
Toyota,Land Cruiser,2016,249527,5.0,CVT,SUV,Petrol,Green,3,47521.3
BMW,X5,2019,105315,1.6,Automatic,Wagon,Electric,Brown,2,51681.47
Kia,Cerato,2021,215503,2.5,Robot,Coupe,Hybrid,Grey,3,49163.56
Mercedes,GLE,2006,42317,2.7,Automatic,Hatchback,Diesel,Green,2,44699.29
BMW,X5,2003,159484,2.5,CVT,Hatchback,Diesel,Grey,3,37839.1
Toyota,Land Cruiser,2011,15116,4.0,Robot,Hatchback,Electric,Black,2,58780.94
Honda,CR-V,2013,136066,2.0,Robot,Hatchback,Electric,Grey,3,35862.65
BMW,5 Series,2011,116220,4.0,Automatic,Coupe,Electric,Grey,3,46459.49
Hyundai,Tucson,2015,244754,1.8,Robot,SUV,Petrol,Silver,2,35723.97
Ford,Kuga,2004,236042,5.0,Robot,SUV,Diesel,Blue,4,34014.12
BMW,3 Series,2005,46233,1.6,Robot,Coupe,Petrol,Silver,3,41363.58
Hyundai,Elantra,2023,286198,4.0,Automatic,Wagon,Diesel,Grey,4,40760.3
BMW,3 Series,2011,254822,1.5,Automatic,Coupe,Diesel,Black,2,36063.64
Volkswagen,Golf,2003,191313,1.6,CVT,Hatchback,Electric,White,3,25174.42
BMW,X3,2011,170824,1.2,Robot,Hatchback,Hybrid,Grey,2,39014.86
Mercedes,E-Class,2020,140399,2.2,Robot,Coupe,Diesel,Grey,2,45801.31
Audi,A6,2020,18667,1.2,Automatic,Wagon,Electric,Green,4,70640.13
Kia,Rio,2005,270012,3.0,Automatic,Wagon,Diesel,Green,3,26076.05
Honda,Accord,2023,103986,2.5,Robot,Coupe,Electric,Red,2,53125.31
Kia,Cerato,2006,189216,2.7,Automatic,Wagon,Petrol,Grey,5,27018.27
Nissan,Patrol,2009,110361,2.4,CVT,Hatchback,Petrol,Grey,5,30876.22
Ford,Focus,2006,144615,1.0,Manual,Hatchback,Diesel,Green,2,28905.02
BMW,5 Series,2021,125549,4.0,Robot,Coupe,Diesel,Grey,2,47791.49
Nissan,X-Trail,2019,114881,2.5,Automatic,Wagon,Petrol,Green,2,36711.69
BMW,5 Series,2004,21341,1.4,Automatic,SUV,Diesel,Brown,2,48708.15
Hyundai,Elantra,2020,78840,2.2,Automatic,Sedan,Electric,Blue,3,43334.97
BMW,5 Series,2007,60282,2.5,Automatic,Wagon,Diesel,Silver,5,44884.68
Honda,Civic,2004,273365,3.0,Automatic,Coupe,Hybrid,Black,3,27569.54
Hyundai,Elantra,2008,191007,5.0,Manual,Coupe,Petrol,Silver,3,35798.28
Mercedes,C-Class,2008,267956,4.0,Automatic,Hatchback,Electric,Green,4,48867.19
Mercedes,C-Class,2005,158272,1.5,CVT,Wagon,Diesel,Blue,2,36308.18
Ford,Focus,2020,219631,3.5,Manual,Sedan,Hybrid,Green,5,45753.15
Nissan,Almera,2011,106379,2.5,Manual,Sedan,Electric,White,5,45737.59
Audi,A6,2019,143029,3.0,Robot,SUV,Petrol,Black,3,48814.32
Nissan,Teana,2010,237989,1.5,Manual,Sedan,Hybrid,Brown,2,26021.41
Hyundai,Solaris,2018,104824,5.0,Automatic,Coupe,Petrol,Silver,3,44681.44
Mercedes,GLC,2017,106471,1.5,Manual,Wagon,Diesel,Grey,2,41091.17
BMW,3 Series,2020,105386,1.4,Automatic,Sedan,Hybrid,Black,2,49769.26
Honda,CR-V,2009,171635,1.6,Automatic,Hatchback,Petrol,Green,5,32216.35
Nissan,Almera,2015,80730,2.2,CVT,Hatchback,Diesel,Green,3,47374.48
Volkswagen,Touareg,2016,280790,1.2,Manual,SUV,Hybrid,Black,4,42240.08
Hyundai,Solaris,2015,96952,5.0,Manual,SUV,Electric,Brown,5,56438.7
BMW,5 Series,2016,191480,1.2,CVT,Wagon,Petrol,Grey,4,28902.64
Audi,Q7,2003,274270,3.0,CVT,Hatchback,Hybrid,Red,2,31002.99
Toyota,Camry,2004,299340,1.4,Automatic,Coupe,Diesel,Red,3,19145.07
Mercedes,GLE,2019,80691,1.4,Manual,Wagon,Hybrid,White,5,51811.36
Honda,Civic,2022,281567,2.5,Manual,Coupe,Hybrid,Blue,3,40673.81
Nissan,Teana,2005,296379,1.4,Manual,Sedan,Electric,White,4,32369.65
Toyota,Corolla,2016,166969,2.4,Automatic,Wagon,Petrol,Brown,3,37263.54
BMW,X5,2017,65184,3.5,Automatic,Sedan,Diesel,Blue,4,45365.87
Nissan,X-Trail,2005,223032,1.0,CVT,Hatchback,Hybrid,Blue,5,29698.58
Hyundai,Elantra,2022,283539,1.8,Automatic,Sedan,Electric,Blue,5,34363.52
Kia,Rio,2018,263551,1.0,Manual,Coupe,Hybrid,Black,2,34276.8
BMW,3 Series,2007,91288,5.0,Manual,Coupe,Hybrid,Grey,5,63555.29
Volkswagen,Tiguan,2020,228300,1.0,CVT,Sedan,Petrol,Blue,3,32214.93
BMW,X3,2023,73606,1.8,CVT,Hatchback,Diesel,Silver,5,62957.42
BMW,3 Series,2004,258470,1.2,Manual,SUV,Hybrid,White,4,34981.49
Mercedes,GLE,2012,183683,1.8,Manual,Coupe,Diesel,Grey,5,33405.44
BMW,X5,2013,51012,1.2,Automatic,Sedan,Hybrid,Grey,3,51730.67
Toyota,Camry,2023,224970,1.4,CVT,Sedan,Petrol,Green,5,40708.91
Hyundai,Santa Fe,2002,60186,1.4,Manual,Wagon,Electric,White,2,34543.19
Toyota,Corolla,2000,149001,5.0,CVT,SUV,Electric,Red,4,30386.58
Honda,CR-V,2006,29777,3.0,Robot,Hatchback,Hybrid,Grey,3,45613.76
Volkswagen,Tiguan,2008,121544,4.0,Robot,SUV,Hybrid,Black,2,55349.68
Ford,Focus,2011,215757,1.8,CVT,Wagon,Petrol,Red,4,26576.68
Mercedes,GLC,2023,227544,1.0,CVT,Sedan,Hybrid,Grey,3,41729.42
Volkswagen,Touareg,2011,188262,1.2,Automatic,Hatchback,Hybrid,Red,5,29446.19
Nissan,Almera,2003,33085,2.4,CVT,SUV,Electric,Silver,4,44478.27
Honda,Accord,2012,298162,4.0,Automatic,Wagon,Hybrid,Red,3,38592.24
Honda,Civic,2017,251842,1.4,Automatic,Hatchback,Hybrid,Silver,2,32356.87
Ford,Focus,2023,28481,1.5,Automatic,Sedan,Electric,Red,4,49961.33
Audi,Q7,2009,290696,2.7,Manual,SUV,Petrol,Brown,3,34481.51
Hyundai,Santa Fe,2021,80674,5.0,Robot,Wagon,Petrol,Brown,2,56073.88
Mercedes,E-Class,2013,99468,2.7,Automatic,Sedan,Electric,Brown,2,54874.78
Kia,Rio,2019,41025,1.5,Robot,SUV,Hybrid,Black,3,49885.74
Ford,Kuga,2002,224699,2.5,Robot,Coupe,Electric,Green,4,34089.36
Nissan,Almera,2007,249717,3.5,CVT,SUV,Electric,Blue,3,49495.51
Ford,Focus,2023,26505,2.5,Robot,Hatchback,Hybrid,Brown,4,55149.63
Honda,Accord,2008,43539,2.4,Automatic,Hatchback,Electric,White,5,37740.95
Ford,Kuga,2016,113034,1.8,Manual,SUV,Diesel,Red,3,44190.09
Kia,Sportage,2016,157255,1.6,Manual,Wagon,Petrol,Red,3,34503.39
Audi,Q5,2017,201893,1.8,Manual,Coupe,Diesel,Silver,4,35829.84
Honda,CR-V,2000,288783,1.8,Automatic,SUV,Diesel,Grey,3,20377.14
Kia,Sorento,2004,85366,3.0,Manual,Coupe,Electric,Brown,2,40099.56
Volkswagen,Golf,2022,105185,1.6,CVT,Hatchback,Electric,Green,4,47395.44
Kia,Sorento,2021,299644,2.5,CVT,Wagon,Diesel,Silver,5,38496.87
Toyota,Camry,2010,253478,5.0,Automatic,Hatchback,Hybrid,Grey,4,39341.76
Honda,CR-V,2000,287166,1.4,CVT,Wagon,Hybrid,White,2,22312.59
BMW,5 Series,2017,127101,3.0,Manual,Hatchback,Petrol,White,3,52956.41
Honda,Accord,2009,101489,3.0,Robot,Coupe,Petrol,Green,3,40941.57
Audi,A4,2005,198910,3.0,Automatic,Coupe,Diesel,Green,4,35889.8
Toyota,Land Cruiser,2004,188674,1.5,CVT,Coupe,Electric,Brown,4,33910.69
Volkswagen,Passat,2005,169176,2.7,Robot,Sedan,Petrol,Green,5,28360.84
Volkswagen,Golf,2007,291829,5.0,Manual,Wagon,Electric,Black,3,33946.27
Kia,Sportage,2009,161564,1.8,Robot,Wagon,Electric,Blue,3,32319.27
Audi,A6,2006,128406,2.4,Robot,Coupe,Electric,Red,5,44125.24
Audi,A4,2008,3320,5.0,CVT,Coupe,Diesel,Blue,4,55905.09
Toyota,RAV4,2007,222428,1.6,Automatic,Hatchback,Electric,White,4,27066.94
Kia,Rio,2000,81494,2.5,Automatic,Wagon,Petrol,Red,2,30940.5
BMW,5 Series,2005,164404,1.2,Automatic,Hatchback,Diesel,Green,3,28396.81
Toyota,Corolla,2016,227444,1.5,Manual,Sedan,Hybrid,Silver,3,37970.67
Ford,Kuga,2023,136149,3.0,Manual,Hatchback,Petrol,White,5,45526.81
Mercedes,GLE,2007,34831,2.7,Manual,SUV,Diesel,Green,5,47664.11
Kia,Cerato,2010,223936,5.0,Automatic,SUV,Electric,Silver,2,47054.08
Honda,Accord,2006,41256,2.5,Automatic,SUV,Hybrid,Silver,5,44505.76
Ford,Focus,2000,147631,5.0,Automatic,Sedan,Hybrid,Green,5,36248.43
Mercedes,GLE,2012,281787,2.2,CVT,Wagon,Petrol,Green,2,37446.03
Nissan,X-Trail,2000,191812,1.4,Automatic,SUV,Petrol,Grey,2,23049.68
Volkswagen,Passat,2020,177763,3.0,CVT,Coupe,Diesel,Black,2,37723.4
Toyota,Land Cruiser,2018,202701,1.0,Manual,Hatchback,Electric,Brown,3,44672.78
Nissan,X-Trail,2014,1537,1.4,Manual,SUV,Hybrid,Blue,3,49030.27
Mercedes,GLE,2006,89846,3.0,CVT,Coupe,Petrol,Black,3,46026.8
Audi,A4,2009,20104,1.0,Manual,Wagon,Electric,Black,2,49298.16
Kia,Rio,2017,152472,5.0,Automatic,Hatchback,Petrol,Green,2,41482.4
Toyota,Land Cruiser,2006,197327,2.7,Automatic,SUV,Hybrid,Black,3,27796.54
Nissan,Patrol,2005,288172,2.5,Automatic,Hatchback,Hybrid,Grey,3,27571.92
Toyota,Land Cruiser,2019,184100,2.2,Robot,Hatchback,Electric,Blue,3,39769.02
Audi,Q5,2012,140319,1.0,Automatic,SUV,Diesel,Black,5,37469.93
Kia,Cerato,2001,258109,1.4,Automatic,Wagon,Petrol,Silver,2,17520.42
Ford,Kuga,2022,115158,2.4,Automatic,Coupe,Diesel,White,5,47130.13
Honda,Accord,2012,214637,1.6,Automatic,Hatchback,Electric,Black,5,30562.43
Hyundai,Tucson,2001,145693,2.0,CVT,SUV,Petrol,Silver,3,28368.26
Volkswagen,Tiguan,2016,43723,1.0,Robot,Hatchback,Hybrid,Green,3,47171.1
Nissan,Teana,2020,264291,2.2,Robot,Wagon,Diesel,Blue,4,28825.19
Hyundai,Elantra,2014,124232,1.4,Robot,Sedan,Hybrid,Blue,4,35586.75
Hyundai,Tucson,2022,258970,2.2,Robot,Hatchback,Hybrid,Red,4,39236.84
Ford,Focus,2000,286674,1.6,CVT,Sedan,Hybrid,Brown,4,22319.54
Ford,Mondeo,2011,152647,1.6,Automatic,Wagon,Petrol,Blue,2,24647.75
Toyota,RAV4,2022,218976,2.7,Automatic,Hatchback,Petrol,Red,3,35666.82
Ford,Focus,2015,196544,1.0,Automatic,Hatchback,Petrol,Red,3,30988.6
Nissan,Almera,2022,202821,4.0,Automatic,Hatchback,Hybrid,Grey,4,49227.7
Volkswagen,Tiguan,2022,95335,1.2,Manual,Coupe,Petrol,White,3,41004.33
Mercedes,E-Class,2012,258789,1.4,CVT,Hatchback,Electric,Silver,3,43605.26
Ford,Focus,2018,150737,2.0,Manual,Wagon,Electric,Blue,4,47722.76
Audi,A4,2017,57676,2.4,Automatic,Coupe,Petrol,Brown,5,46067.25
Hyundai,Tucson,2021,295267,2.7,CVT,Hatchback,Diesel,Blue,4,35877.42
Nissan,Almera,2010,104143,2.5,Manual,SUV,Diesel,Brown,4,40166.02
Honda,Accord,2018,7961,3.5,CVT,Hatchback,Diesel,Brown,2,56428.5
Volkswagen,Tiguan,2020,94968,1.0,Manual,SUV,Diesel,Silver,3,46571.19
Ford,Focus,2016,199294,2.7,Robot,Hatchback,Electric,Silver,5,38228.24
Volkswagen,Tiguan,2004,136260,1.4,CVT,Sedan,Diesel,Brown,4,29368.6
Toyota,RAV4,2013,5796,1.4,Robot,Wagon,Hybrid,Silver,4,50720.96
BMW,5 Series,2006,110100,2.5,Manual,Wagon,Petrol,Blue,2,33617.66
Mercedes,GLC,2005,200065,2.4,Robot,Hatchback,Diesel,White,2,32179.24
Audi,A4,2018,217912,1.4,CVT,Wagon,Diesel,Blue,3,43134.2
Volkswagen,Tiguan,2012,275381,1.4,Robot,Coupe,Electric,Green,2,42703.97
Hyundai,Santa Fe,2017,236403,3.0,Manual,Coupe,Diesel,Green,2,36042.3
Hyundai,Santa Fe,2014,112113,2.0,Robot,Hatchback,Petrol,Grey,4,35799.87
Toyota,RAV4,2004,159912,2.5,Robot,Hatchback,Petrol,Black,4,27232.12
Mercedes,E-Class,2004,151611,2.0,Robot,SUV,Electric,Black,3,48888.59
Toyota,Corolla,2020,24976,2.0,Manual,SUV,Petrol,Black,3,50345.87
Mercedes,E-Class,2018,269670,2.2,Manual,Hatchback,Hybrid,Red,3,45361.38
Kia,Rio,2021,79888,1.4,CVT,SUV,Electric,Blue,3,49515.93
Mercedes,C-Class,2003,254793,2.5,Robot,Coupe,Hybrid,Silver,5,35361.08
Toyota,Land Cruiser,2006,107791,1.4,Automatic,Wagon,Hybrid,White,2,29191.91
Honda,CR-V,2003,154607,1.0,Robot,Sedan,Diesel,Brown,4,21119.16
Audi,A4,2005,92115,1.8,CVT,Sedan,Hybrid,White,2,43665.37
Volkswagen,Golf,2001,224174,5.0,Manual,Hatchback,Petrol,Red,3,27816.26
Nissan,X-Trail,2023,89402,5.0,Manual,Hatchback,Electric,White,3,66501.62
Hyundai,Santa Fe,2015,144407,3.5,CVT,SUV,Petrol,Silver,5,41613.38
BMW,X5,2007,140179,1.8,Automatic,SUV,Diesel,Blue,5,42357.5
BMW,X3,2010,118558,1.0,Robot,Wagon,Diesel,Green,4,35369.65
Audi,A4,2014,119324,1.2,CVT,Hatchback,Electric,Black,5,42833.77
Mercedes,GLE,2021,292441,1.4,CVT,Wagon,Electric,Black,4,45872.82
Honda,CR-V,2017,20365,1.8,Automatic,SUV,Petrol,Silver,4,49607.86
BMW,3 Series,2006,177229,2.2,Robot,SUV,Hybrid,White,2,39776.35
Mercedes,GLE,2017,279702,3.5,Manual,Wagon,Electric,Red,5,62434.75
Kia,Rio,2018,77924,1.6,Automatic,Hatchback,Petrol,Brown,4,36079.37
Honda,Accord,2021,2765,1.4,Robot,Wagon,Electric,Blue,3,47945.54
Honda,CR-V,2022,265116,1.0,Robot,Wagon,Diesel,Grey,3,36091.89
BMW,X5,2005,188644,2.2,Robot,Hatchback,Electric,Green,4,39750.73
Volkswagen,Passat,2023,147776,1.2,Robot,Wagon,Petrol,Silver,5,39627.84
Nissan,X-Trail,2019,128041,3.0,CVT,Hatchback,Diesel,Black,5,46735.68
Hyundai,Santa Fe,2009,117996,1.6,Robot,Wagon,Hybrid,Grey,2,33614.24
Hyundai,Tucson,2014,222489,2.4,Manual,Hatchback,Hybrid,Green,5,32648.46
Ford,Mondeo,2006,140749,1.6,Automatic,Wagon,Diesel,Black,5,31212.87
Audi,Q5,2011,257758,5.0,Automatic,Hatchback,Electric,Silver,5,40125.07
Hyundai,Tucson,2022,224006,2.0,Manual,Hatchback,Diesel,Silver,3,26484.21
Kia,Sorento,2012,245993,2.4,Robot,Wagon,Petrol,Silver,4,28325.81
Ford,Kuga,2015,63079,2.5,CVT,Wagon,Hybrid,Silver,4,47906.27
Toyota,Land Cruiser,2009,136213,1.4,Manual,Sedan,Diesel,Silver,5,32483.83
Honda,Accord,2005,23290,2.2,Robot,Coupe,Hybrid,Red,3,51694.38
Ford,Focus,2021,276923,1.0,CVT,Wagon,Hybrid,Brown,2,41213.56
BMW,X5,2000,154099,1.0,Automatic,Coupe,Petrol,Red,5,26306.34
Hyundai,Tucson,2002,181446,5.0,Manual,Wagon,Diesel,White,4,32550.71
Ford,Mondeo,2023,98273,4.0,Automatic,SUV,Electric,Brown,4,70935.84
Volkswagen,Touareg,2021,29092,2.7,Robot,Hatchback,Electric,Green,5,58242.21
Toyota,Corolla,2014,124277,3.5,Manual,Sedan,Electric,White,2,39486.26
Audi,A6,2005,261879,1.4,Manual,Coupe,Petrol,Grey,2,29400.99
Hyundai,Elantra,2008,262512,2.4,CVT,SUV,Electric,Black,2,31265.09
Audi,A6,2013,101735,1.0,Robot,Wagon,Petrol,Red,5,36010.78
Hyundai,Tucson,2012,97459,5.0,Automatic,SUV,Hybrid,Grey,5,51384.99
Hyundai,Solaris,2006,74123,2.0,Robot,SUV,Hybrid,Green,3,38926.26
Nissan,Patrol,2008,161100,2.0,CVT,Wagon,Petrol,Brown,5,26809.6
Honda,CR-V,2014,246222,1.0,Robot,Hatchback,Electric,Blue,2,28310.04
Ford,Mondeo,2012,141932,5.0,Manual,Hatchback,Hybrid,Red,2,47879.43
BMW,X3,2014,85990,2.0,Automatic,SUV,Diesel,Blue,4,44743.29
Audi,Q5,2017,139861,4.0,Robot,Sedan,Electric,Silver,2,56527.28
Hyundai,Tucson,2009,286076,1.0,Robot,SUV,Diesel,Blue,3,21889.99
Mercedes,GLE,2016,246991,1.4,Robot,Coupe,Petrol,White,5,37473.65
Ford,Focus,2014,258632,2.0,Automatic,Wagon,Electric,White,4,35623.13
Honda,CR-V,2005,290218,1.5,CVT,Hatchback,Diesel,Brown,3,22130.98
Hyundai,Solaris,2019,58453,5.0,CVT,Hatchback,Electric,White,5,56786.89
Audi,Q7,2005,47098,1.5,Manual,Sedan,Diesel,Silver,2,33039.38
Hyundai,Tucson,2019,68274,4.0,CVT,Coupe,Diesel,Black,4,52721.9
Volkswagen,Touareg,2000,12062,2.7,Automatic,Wagon,Diesel,Black,4,46614.65
Volkswagen,Golf,2002,207866,1.8,Robot,Hatchback,Petrol,Grey,5,19958.21
Toyota,RAV4,2009,243554,1.5,Robot,Hatchback,Petrol,Grey,4,25373.52
Nissan,X-Trail,2005,279365,2.7,Manual,Hatchback,Electric,Blue,2,35362.76
Hyundai,Santa Fe,2021,179412,2.2,CVT,SUV,Diesel,Blue,4,43095.64
Hyundai,Santa Fe,2017,275375,2.7,CVT,Sedan,Petrol,Grey,2,33431.13
Nissan,X-Trail,2013,215862,1.0,Manual,Wagon,Petrol,Blue,5,24745.64
Nissan,Almera,2006,184087,2.7,Manual,Wagon,Hybrid,Green,5,30876.96
Mercedes,GLE,2012,99862,1.4,Automatic,Coupe,Hybrid,Brown,5,53689.61
Ford,Kuga,2010,157217,2.0,Robot,SUV,Petrol,Black,2,35037.69
Ford,Focus,2004,110160,1.6,Robot,Wagon,Hybrid,Green,3,34760.04
Kia,Cerato,2010,195543,1.8,Manual,Hatchback,Hybrid,White,4,28623.99
BMW,5 Series,2010,277354,2.0,Automatic,SUV,Electric,Black,3,43827.36
Kia,Rio,2000,117265,2.5,Robot,SUV,Petrol,White,2,23667.98
Audi,Q7,2000,163522,1.2,Manual,SUV,Petrol,Green,3,25703.29
Kia,Cerato,2022,241540,1.5,Robot,Wagon,Petrol,Blue,3,29809.71
Audi,Q5,2022,22995,1.0,Automatic,Wagon,Petrol,Blue,3,54261.92
Mercedes,C-Class,2007,10514,1.0,Automatic,Wagon,Diesel,Black,3,44803.8
Toyota,RAV4,2012,94937,3.5,CVT,Sedan,Electric,Red,5,53433.44
Toyota,Camry,2002,21182,4.0,Robot,Wagon,Electric,Blue,4,54763.16
Toyota,Land Cruiser,2016,134484,2.4,CVT,Wagon,Electric,Silver,2,40754.85
Volkswagen,Touareg,2023,10794,2.0,CVT,SUV,Diesel,White,2,57446.3
Audi,A6,2000,174469,1.2,Automatic,Sedan,Electric,White,2,27713.4
Hyundai,Santa Fe,2005,54213,1.8,CVT,Hatchback,Petrol,Grey,3,30246.12
Mercedes,E-Class,2011,282533,2.7,Robot,Hatchback,Diesel,Green,4,33450.44
Toyota,Corolla,2017,26751,5.0,CVT,Coupe,Petrol,Black,5,54165.22
Honda,Accord,2014,288514,2.7,CVT,SUV,Electric,Green,4,46555.06
Nissan,Teana,2014,111672,1.2,Automatic,Hatchback,Diesel,Grey,2,33747.19
Hyundai,Elantra,2007,238634,2.5,CVT,Hatchback,Petrol,Silver,2,20178.92
Honda,Civic,2019,286268,2.0,Manual,Wagon,Hybrid,Grey,3,45926.29
Mercedes,E-Class,2000,296221,4.0,Manual,Wagon,Petrol,Silver,5,32330.62
Hyundai,Solaris,2023,180645,4.0,Manual,Sedan,Hybrid,Silver,4,54822.41
Audi,A4,2021,129065,3.0,Manual,SUV,Hybrid,Grey,3,53926.21
Nissan,Teana,2009,165279,2.5,CVT,Sedan,Electric,Blue,3,40295.57
Nissan,Teana,2016,197277,2.2,CVT,Wagon,Hybrid,White,3,41446.03
Kia,Sorento,2020,144338,1.5,Robot,Coupe,Electric,White,2,44902.19
Volkswagen,Passat,2011,19622,2.4,Automatic,SUV,Electric,Red,4,50389.81
Toyota,RAV4,2004,262630,1.4,Automatic,Coupe,Petrol,White,5,19305.49
Nissan,Teana,2007,8572,1.0,Automatic,Wagon,Electric,Black,4,42125.0
Mercedes,C-Class,2003,253516,2.4,Manual,Hatchback,Petrol,Silver,5,30145.22
Honda,Civic,2018,246984,3.0,CVT,Sedan,Hybrid,Blue,3,34317.06
Volkswagen,Touareg,2008,290006,2.0,Robot,Wagon,Petrol,Silver,2,24093.97
Volkswagen,Tiguan,2001,265406,2.4,Robot,Coupe,Petrol,White,4,21504.32
Honda,Civic,2013,60148,5.0,Robot,Hatchback,Electric,Brown,2,56231.08
Mercedes,E-Class,2015,249301,3.0,Robot,SUV,Electric,Red,3,46512.84
Toyota,RAV4,2020,26382,1.5,Robot,Coupe,Electric,Black,4,56949.02
Kia,Cerato,2013,35169,2.0,Manual,Hatchback,Diesel,Grey,2,42578.78
Toyota,Land Cruiser,2022,256620,2.7,Manual,Sedan,Diesel,Blue,3,37520.94
Nissan,Patrol,2002,55612,2.7,Robot,Sedan,Hybrid,White,3,38988.02
Honda,Civic,2005,294366,1.0,CVT,Wagon,Electric,White,3,30404.74
Audi,A4,2003,37941,2.5,Manual,SUV,Petrol,Red,4,46833.74
Honda,Accord,2001,91679,2.5,Robot,Wagon,Petrol,Blue,5,30758.83
Honda,Civic,2014,219188,3.0,Robot,Hatchback,Diesel,Blue,3,30331.29
Audi,Q5,2019,141203,1.6,Automatic,Sedan,Diesel,Black,3,43341.0
Nissan,Teana,2008,254829,1.4,CVT,Hatchback,Hybrid,Grey,2,25204.59
Nissan,X-Trail,2015,18706,3.5,CVT,Sedan,Diesel,Green,2,50907.11
Kia,Sorento,2010,231110,2.5,Robot,Sedan,Hybrid,Green,3,30211.72
Kia,Cerato,2001,297103,2.4,Robot,Coupe,Hybrid,White,2,24372.94
Audi,Q7,2021,4922,2.4,Robot,Hatchback,Diesel,Brown,3,53226.78
Kia,Rio,2008,213321,2.0,Robot,SUV,Diesel,Black,4,31432.14
Volkswagen,Touareg,2012,277392,1.4,Automatic,SUV,Petrol,White,4,34679.2
Honda,Civic,2021,273438,2.5,Robot,Hatchback,Diesel,Brown,3,36978.04
Kia,Sportage,2018,278235,2.2,CVT,SUV,Hybrid,Grey,4,35532.76
BMW,3 Series,2020,13450,1.5,CVT,Coupe,Hybrid,Red,4,54443.91
Mercedes,GLE,2003,290458,3.0,Robot,Wagon,Electric,Brown,4,40144.66
Mercedes,GLC,2012,219516,2.4,Robot,Wagon,Petrol,Blue,5,31192.8
Nissan,Teana,2009,61260,2.0,Robot,Hatchback,Hybrid,Brown,4,37629.04
Audi,A6,2009,148348,1.5,CVT,Sedan,Petrol,Brown,3,33820.34
Honda,Civic,2010,70658,3.5,Robot,Wagon,Electric,Red,5,40237.44
Toyota,RAV4,2021,263456,4.0,CVT,Wagon,Hybrid,Black,4,43111.82
Ford,Mondeo,2000,297789,5.0,CVT,Wagon,Diesel,Red,5,28133.64
Volkswagen,Touareg,2010,64222,4.0,Manual,Wagon,Diesel,Brown,2,42238.86
BMW,5 Series,2021,229408,2.2,Manual,Sedan,Diesel,White,4,41679.86
Mercedes,C-Class,2014,27328,1.8,CVT,Wagon,Diesel,Green,2,56498.65
Honda,CR-V,2009,167984,2.0,CVT,Sedan,Hybrid,White,4,27790.94
BMW,3 Series,2023,168206,1.4,CVT,Coupe,Hybrid,Grey,3,43388.5
Mercedes,C-Class,2002,69672,2.0,Automatic,Hatchback,Hybrid,Green,4,39789.06
BMW,X5,2019,70864,1.8,Robot,Sedan,Diesel,Green,4,53536.43
Kia,Rio,2007,238188,5.0,CVT,Wagon,Diesel,Grey,2,31556.78
Kia,Rio,2011,114634,3.0,Automatic,Hatchback,Diesel,Grey,5,39566.9
Audi,Q5,2019,129560,3.0,Manual,Sedan,Hybrid,Brown,2,60672.18
Toyota,Camry,2000,94488,2.7,Robot,Coupe,Petrol,White,4,27794.17
BMW,X3,2008,216669,1.2,Robot,Sedan,Diesel,Red,3,30596.05
Hyundai,Tucson,2022,208270,1.4,Robot,Hatchback,Diesel,Silver,3,36666.95
BMW,X3,2016,275419,2.0,Robot,Coupe,Diesel,Blue,2,41083.47
Ford,Kuga,2019,119502,3.5,Robot,Hatchback,Electric,Silver,5,56483.41
Hyundai,Tucson,2021,140302,2.5,Manual,SUV,Electric,White,5,50245.73
Nissan,X-Trail,2004,1789,3.5,Automatic,Sedan,Diesel,Brown,5,49325.54
Audi,A6,2011,207925,1.5,CVT,Hatchback,Petrol,Black,3,30141.26
Audi,Q5,2002,201002,5.0,Manual,Wagon,Petrol,Brown,5,37957.29
Mercedes,GLC,2008,241382,2.5,Manual,Wagon,Hybrid,Green,2,38762.91
Hyundai,Tucson,2000,112143,1.8,Manual,Sedan,Diesel,Black,4,22817.36
Honda,CR-V,2017,228953,2.2,Automatic,Hatchback,Hybrid,White,2,42162.41
Nissan,X-Trail,2002,24544,1.6,Robot,Wagon,Diesel,Brown,2,36734.13
BMW,X3,2023,279301,4.0,Manual,Coupe,Petrol,Brown,5,44287.54
Audi,A6,2001,27213,1.4,CVT,Wagon,Petrol,Blue,5,38562.03
Honda,Accord,2017,295515,3.5,CVT,SUV,Petrol,Brown,4,35827.88
Nissan,Patrol,2012,221970,1.6,CVT,Hatchback,Hybrid,Brown,3,31893.43
Hyundai,Elantra,2011,293219,2.5,Manual,Sedan,Electric,Grey,2,38818.94
Nissan,Almera,2002,167022,1.2,Manual,Sedan,Petrol,Red,3,21618.95
Hyundai,Tucson,2017,214709,1.0,Manual,SUV,Hybrid,Grey,2,35902.24
Volkswagen,Passat,2018,80857,2.0,Automatic,Sedan,Petrol,Silver,3,36738.62
Audi,Q5,2006,248018,5.0,Robot,Hatchback,Hybrid,Brown,3,40034.59
Hyundai,Elantra,2005,82600,1.5,CVT,SUV,Petrol,White,2,29858.12
Mercedes,GLC,2014,131832,5.0,Automatic,Coupe,Hybrid,Grey,2,58150.57
Toyota,Camry,2023,78097,2.7,Robot,Sedan,Petrol,Green,5,54138.39
Nissan,Almera,2002,114614,4.0,Automatic,Sedan,Hybrid,Black,5,43564.57
Audi,A6,2006,261401,1.0,Robot,Wagon,Petrol,White,2,27931.15
Honda,Accord,2021,20874,2.5,CVT,Sedan,Electric,Brown,4,54391.11
Toyota,Camry,2005,151756,1.8,Robot,Coupe,Hybrid,Silver,3,35483.2
Mercedes,E-Class,2014,61305,1.6,Automatic,Wagon,Electric,Black,5,53599.97
Honda,Civic,2020,228748,1.0,Manual,Sedan,Diesel,White,3,31737.44
Toyota,Corolla,2008,179357,2.4,Manual,Sedan,Hybrid,Brown,2,34106.11
Volkswagen,Golf,2000,295583,2.5,Automatic,SUV,Petrol,Silver,5,24256.31
Honda,Accord,2008,34743,1.0,Robot,Wagon,Petrol,White,2,32041.48
Mercedes,C-Class,2017,294957,2.5,CVT,Sedan,Electric,Silver,4,53289.22
Mercedes,E-Class,2023,64591,4.0,Automatic,Sedan,Electric,Brown,2,69961.58
Kia,Sorento,2014,73309,1.4,CVT,Hatchback,Petrol,Black,4,30073.59
Kia,Sportage,2012,259252,3.5,Automatic,Coupe,Diesel,Brown,4,39061.89
Ford,Kuga,2016,12780,2.7,Automatic,SUV,Petrol,Red,3,50620.68
Audi,Q5,2015,177946,1.6,Automatic,Sedan,Hybrid,Grey,5,36681.91
Mercedes,GLC,2016,188057,1.8,CVT,Hatchback,Hybrid,Brown,5,43821.95
Toyota,Land Cruiser,2003,139152,2.2,Automatic,Coupe,Petrol,White,2,24882.82
Honda,Accord,2011,38314,4.0,Automatic,Coupe,Petrol,White,4,46594.44
Hyundai,Tucson,2019,45708,1.4,CVT,Sedan,Hybrid,Blue,3,56770.92
Toyota,Camry,2015,155146,1.0,Automatic,Coupe,Electric,Red,3,42779.43
Audi,Q5,2015,98066,1.0,CVT,Hatchback,Diesel,Silver,2,45519.58
Ford,Mondeo,2021,129789,1.6,CVT,Wagon,Hybrid,Grey,4,37432.08
Nissan,Patrol,2022,56888,1.0,CVT,Hatchback,Electric,Green,2,54498.47
Audi,Q7,2017,271530,1.5,CVT,Coupe,Petrol,Grey,5,35550.1
Nissan,Patrol,2007,35790,1.6,Robot,Hatchback,Electric,Blue,5,32828.76
Toyota,Land Cruiser,2002,240201,5.0,Automatic,Hatchback,Petrol,Silver,5,27118.32
Audi,A6,2011,233984,1.4,CVT,Coupe,Hybrid,Blue,2,35049.51
Nissan,Teana,2003,96496,4.0,Automatic,SUV,Petrol,Red,5,36206.98
BMW,X3,2020,170646,1.5,Manual,Coupe,Hybrid,Green,2,47215.83
Volkswagen,Touareg,2010,14318,2.0,Robot,SUV,Petrol,Grey,2,49269.65
Volkswagen,Tiguan,2013,40077,3.0,Robot,Sedan,Petrol,Red,2,46933.49
Ford,Focus,2000,142108,1.6,Automatic,Sedan,Electric,Red,2,30651.32
Mercedes,E-Class,2023,3770,1.2,Robot,Hatchback,Petrol,Grey,4,41431.6
Toyota,Camry,2000,170231,1.6,Robot,SUV,Petrol,Grey,4,22807.3
Hyundai,Tucson,2021,96748,3.5,CVT,Wagon,Diesel,Brown,5,48464.87
Toyota,Land Cruiser,2007,135091,1.5,Automatic,Coupe,Petrol,White,2,36231.46
Volkswagen,Passat,2000,162357,2.5,Manual,Sedan,Electric,Grey,5,33143.29
Mercedes,E-Class,2011,299840,2.5,Manual,SUV,Electric,Silver,3,43055.98
Kia,Cerato,2018,25103,2.2,Automatic,Coupe,Hybrid,Black,2,55927.61
Honda,CR-V,2015,232062,1.6,CVT,Sedan,Hybrid,Red,4,32662.16
Toyota,Land Cruiser,2020,289151,1.5,Robot,Hatchback,Petrol,White,2,32943.94
Nissan,Almera,2005,102488,1.8,Robot,Wagon,Hybrid,Green,4,33798.98
Honda,Accord,2023,47367,1.0,CVT,Coupe,Petrol,White,2,39169.07
Nissan,Patrol,2023,27757,1.4,Manual,Sedan,Hybrid,Green,2,54327.85
Hyundai,Santa Fe,2005,282081,1.4,Robot,Wagon,Electric,Red,2,28511.48
Mercedes,C-Class,2015,53010,1.6,Automatic,Sedan,Petrol,White,4,42077.74
Toyota,Land Cruiser,2012,155855,1.2,Manual,SUV,Petrol,White,5,33924.91
Honda,Civic,2017,50613,3.5,Robot,SUV,Diesel,White,3,50243.32
Audi,Q5,2007,61394,1.2,Automatic,Coupe,Hybrid,White,4,49178.1
Volkswagen,Golf,2006,199092,5.0,Robot,Sedan,Electric,Red,3,36771.06
Mercedes,C-Class,2015,256587,1.0,Manual,SUV,Petrol,Blue,5,35601.67
BMW,X3,2000,29048,1.8,Automatic,Wagon,Petrol,White,3,37724.03
Honda,Civic,2006,249004,1.0,Robot,Hatchback,Diesel,Silver,2,20139.06
Honda,Civic,2022,222345,2.4,Manual,Sedan,Diesel,Green,5,39252.32
Audi,A4,2021,242431,1.0,CVT,Wagon,Petrol,White,5,35099.2
Audi,Q5,2021,289962,3.5,Robot,SUV,Petrol,White,5,49548.32
Mercedes,C-Class,2012,271484,2.4,CVT,Coupe,Petrol,White,3,32715.85
Audi,A6,2009,10532,5.0,Manual,Coupe,Electric,Blue,4,58407.12
Hyundai,Tucson,2017,222071,1.5,Automatic,Hatchback,Hybrid,White,2,30616.63
Hyundai,Tucson,2002,183011,1.4,CVT,SUV,Petrol,Red,4,20058.09
Honda,CR-V,2010,248304,3.0,Automatic,Sedan,Petrol,Black,5,28493.14
Mercedes,GLC,2014,55264,2.4,CVT,SUV,Petrol,Black,5,55048.47
Mercedes,C-Class,2019,41476,1.6,Automatic,SUV,Hybrid,Red,5,69163.99
BMW,X3,2008,123980,4.0,CVT,Wagon,Diesel,Red,3,45513.7
Audi,Q5,2005,285913,1.2,Manual,Coupe,Petrol,Silver,3,23810.89
Volkswagen,Touareg,2001,242735,2.0,CVT,Sedan,Hybrid,Silver,4,24900.97
Hyundai,Elantra,2003,245191,2.4,Automatic,Hatchback,Electric,Green,3,30629.95
BMW,X5,2007,172055,3.0,Manual,Hatchback,Hybrid,Brown,4,50638.6
Honda,Civic,2001,37656,1.5,Robot,Coupe,Diesel,Black,2,31973.24
Mercedes,C-Class,2005,58784,2.5,Manual,Sedan,Petrol,Black,3,37629.85
Honda,CR-V,2015,99596,2.0,CVT,Wagon,Petrol,White,4,32119.76
Ford,Kuga,2012,123182,2.0,Automatic,Coupe,Diesel,White,2,39367.35
Audi,A6,2002,20169,1.4,Manual,SUV,Petrol,Blue,3,38812.16
Kia,Sorento,2014,205863,2.0,Automatic,SUV,Diesel,Red,2,33545.22
Audi,A4,2018,238972,3.0,Manual,Wagon,Diesel,Silver,4,39583.7
Hyundai,Solaris,2008,35561,3.5,CVT,Wagon,Petrol,Blue,4,37186.2
Honda,CR-V,2002,290168,2.0,Manual,SUV,Electric,Black,2,24430.64
Honda,Civic,2006,258492,2.7,CVT,Hatchback,Petrol,Black,4,22858.75
Ford,Mondeo,2021,18402,4.0,Robot,SUV,Hybrid,Blue,5,57357.74
Mercedes,E-Class,2003,121844,5.0,CVT,Sedan,Hybrid,Blue,3,48901.15
Toyota,Camry,2013,69224,4.0,CVT,Hatchback,Petrol,Silver,4,50024.37
BMW,5 Series,2015,229766,3.5,Robot,Sedan,Diesel,Black,2,42377.18
Ford,Kuga,2007,208106,1.6,Automatic,Hatchback,Electric,Green,2,32283.33
Ford,Mondeo,2015,195964,2.2,Robot,Sedan,Diesel,Grey,5,34011.42
Nissan,Teana,2017,287555,5.0,Manual,Hatchback,Electric,Brown,4,44235.34
Toyota,Camry,2014,70765,3.5,Automatic,Wagon,Diesel,Grey,2,50699.73
Mercedes,E-Class,2005,265232,2.2,Robot,SUV,Hybrid,Blue,3,35797.65
Honda,CR-V,2004,37743,4.0,Robot,Sedan,Petrol,Silver,4,45644.72
BMW,X5,2012,55797,1.4,Robot,Coupe,Diesel,White,5,48516.7
Nissan,Almera,2018,139596,5.0,Robot,Sedan,Hybrid,Blue,5,49744.38
Kia,Sportage,2022,219739,5.0,Robot,SUV,Electric,Red,4,52089.4
Toyota,Corolla,2008,176540,2.5,CVT,Coupe,Hybrid,Blue,5,34841.55
Volkswagen,Golf,2006,153995,5.0,Robot,Wagon,Hybrid,Silver,2,44501.53
Audi,Q5,2007,44512,1.5,Automatic,Wagon,Petrol,Green,2,37986.91
Hyundai,Tucson,2005,164512,2.0,CVT,Coupe,Petrol,Blue,3,30687.42
Kia,Rio,2016,262640,2.2,Robot,Coupe,Diesel,Grey,3,36741.08
Nissan,X-Trail,2018,272028,1.2,Robot,SUV,Hybrid,Black,4,42393.7
Volkswagen,Tiguan,2015,158145,5.0,Robot,SUV,Diesel,Red,4,51978.7
Mercedes,C-Class,2023,169564,3.0,Manual,Coupe,Diesel,Red,2,56932.45
BMW,3 Series,2002,17529,2.7,CVT,Coupe,Petrol,White,2,42589.08
Audi,A4,2009,59980,5.0,Automatic,Coupe,Petrol,Silver,4,42504.44
Nissan,Almera,2002,284732,1.8,Robot,Coupe,Hybrid,White,3,24185.85
Volkswagen,Golf,2011,269066,1.2,Automatic,Sedan,Diesel,Black,4,27281.74
Kia,Cerato,2019,227997,1.2,Automatic,SUV,Petrol,White,3,28929.48
Hyundai,Solaris,2022,298931,1.5,Manual,Hatchback,Electric,Green,4,41761.88
Toyota,Corolla,2003,199330,3.0,Automatic,Hatchback,Diesel,Green,3,23919.29
Nissan,Patrol,2020,87273,2.5,CVT,SUV,Electric,Grey,3,47546.08
Honda,Civic,2019,292988,2.2,CVT,SUV,Electric,Grey,3,43157.98
BMW,5 Series,2020,82001,2.2,CVT,Hatchback,Hybrid,Grey,4,49408.46
BMW,3 Series,2007,216651,2.7,Automatic,Sedan,Hybrid,White,2,37271.48
Toyota,RAV4,2005,245720,1.8,Robot,Wagon,Electric,Grey,3,31788.02
Hyundai,Solaris,2001,200122,2.0,Manual,Sedan,Electric,Black,4,26401.04
Honda,CR-V,2001,246553,1.2,Manual,Sedan,Diesel,Black,3,18854.54
Nissan,Almera,2022,65018,1.0,Robot,Sedan,Diesel,Grey,2,52466.85
Mercedes,GLE,2018,192608,2.0,CVT,Hatchback,Electric,Grey,3,47131.15
Volkswagen,Passat,2010,207836,1.4,Robot,Hatchback,Petrol,Grey,3,27968.18
Toyota,Land Cruiser,2010,229707,4.0,Manual,SUV,Electric,Grey,4,43650.69
Mercedes,E-Class,2020,166415,1.8,CVT,Hatchback,Petrol,Red,3,45104.04
Mercedes,GLC,2001,102566,2.4,Robot,SUV,Electric,Red,2,46126.37
Nissan,Almera,2003,177505,2.4,Robot,Hatchback,Diesel,Blue,3,24010.52
Audi,Q7,2021,254084,2.7,Robot,Coupe,Petrol,Blue,3,48745.7
Nissan,Almera,2018,160389,4.0,Manual,Coupe,Diesel,Red,4,43261.87
Hyundai,Tucson,2014,238680,2.7,CVT,Hatchback,Petrol,Grey,5,30287.55
Honda,Accord,2010,165229,2.7,Manual,SUV,Diesel,White,4,42422.64
Toyota,Corolla,2016,279773,2.0,Automatic,SUV,Diesel,Silver,2,38177.93
Honda,Accord,2007,208502,3.0,Manual,Sedan,Electric,White,4,33346.36
Audi,Q7,2014,159423,2.4,CVT,SUV,Petrol,Blue,3,39653.63
Ford,Focus,2009,219973,1.0,Automatic,Coupe,Diesel,Red,3,24037.61
Toyota,Camry,2015,191175,2.2,Manual,Coupe,Electric,Brown,5,43973.61
Nissan,Almera,2013,214992,1.0,CVT,Sedan,Diesel,Green,3,27018.4
Mercedes,GLC,2023,146511,1.6,Manual,Wagon,Electric,White,5,70365.43
Nissan,X-Trail,2011,180116,2.5,Manual,Hatchback,Petrol,Red,3,30164.97
Ford,Focus,2002,295182,1.0,Automatic,SUV,Petrol,Black,4,20577.9
Volkswagen,Touareg,2014,187223,1.6,CVT,Sedan,Petrol,Blue,5,27874.99
Audi,Q5,2004,279778,1.0,Automatic,Hatchback,Electric,Brown,3,26169.73
Audi,Q5,2004,221668,1.4,CVT,SUV,Electric,Green,5,33499.1
Honda,Accord,2019,54691,1.0,Robot,Hatchback,Electric,Brown,2,48837.88
Audi,Q7,2011,59567,5.0,Robot,SUV,Hybrid,Black,4,62101.83
Mercedes,C-Class,2015,292021,2.5,Automatic,SUV,Hybrid,Blue,3,48993.4
Nissan,X-Trail,2023,68232,3.5,Manual,Hatchback,Petrol,Brown,2,54368.62
Ford,Kuga,2006,264837,1.2,CVT,SUV,Petrol,Grey,2,25097.8
Honda,Civic,2004,39051,2.5,CVT,Coupe,Electric,Red,3,44320.29
Honda,Civic,2012,288614,2.5,Manual,Coupe,Electric,White,5,41473.22
Ford,Mondeo,2017,274073,3.5,Automatic,Hatchback,Hybrid,Black,5,43258.48
Ford,Kuga,2022,209496,2.7,Automatic,Wagon,Hybrid,Silver,5,44396.89
Hyundai,Solaris,2013,52132,4.0,Manual,SUV,Petrol,Brown,5,44865.68
Audi,Q7,2007,141294,4.0,Automatic,Coupe,Diesel,Blue,2,34431.31
Mercedes,GLE,2023,188874,1.0,Automatic,Coupe,Petrol,Black,4,48857.77
Ford,Mondeo,2020,213408,5.0,Robot,Wagon,Electric,Green,3,56316.96
Mercedes,C-Class,2009,262399,1.0,Robot,SUV,Hybrid,White,2,39969.28
Volkswagen,Tiguan,2023,153048,1.5,Robot,Coupe,Petrol,Grey,3,42449.84
Toyota,Camry,2006,269013,1.4,Manual,Coupe,Electric,Green,3,31248.09
Kia,Sportage,2017,208994,1.2,Automatic,Hatchback,Diesel,Silver,4,26002.68
BMW,5 Series,2012,99372,2.2,CVT,Wagon,Petrol,Red,4,42250.69
Volkswagen,Touareg,2012,148843,1.4,Automatic,Coupe,Diesel,Brown,4,31673.95
Mercedes,E-Class,2007,288988,2.2,Robot,Coupe,Petrol,Red,3,35018.24
Ford,Focus,2013,64230,3.5,Robot,Coupe,Petrol,Black,4,44601.75
Mercedes,GLC,2011,226094,1.4,CVT,SUV,Electric,Black,5,43598.76
Hyundai,Santa Fe,2010,183208,1.4,Robot,Coupe,Electric,Red,5,33103.83
BMW,X3,2004,167071,1.0,Manual,SUV,Petrol,Brown,2,28331.36
Hyundai,Santa Fe,2023,72219,4.0,Manual,SUV,Electric,Brown,4,56061.43
Audi,A4,2008,227561,3.5,Robot,Sedan,Diesel,Red,5,43529.69
Toyota,Land Cruiser,2017,235654,5.0,Robot,Sedan,Hybrid,Silver,4,42866.91
Hyundai,Solaris,2015,80903,3.5,CVT,Coupe,Hybrid,Brown,2,52563.64
Volkswagen,Tiguan,2013,61748,2.0,CVT,SUV,Hybrid,Brown,4,46587.87
Hyundai,Tucson,2021,292192,2.5,Manual,Coupe,Diesel,Blue,2,32091.1
Kia,Sorento,2014,23052,2.7,Robot,Coupe,Hybrid,Brown,2,48522.5
Honda,Civic,2000,239040,2.4,CVT,Wagon,Hybrid,Green,4,25895.68
Volkswagen,Touareg,2009,191196,2.7,CVT,Coupe,Petrol,Blue,5,30224.04
Audi,Q5,2017,266890,2.2,CVT,Hatchback,Hybrid,Blue,5,44691.66
Kia,Rio,2017,177043,5.0,Manual,Coupe,Hybrid,Grey,3,51263.05
Ford,Mondeo,2009,186351,2.2,Manual,SUV,Electric,Blue,4,42571.62
Audi,Q7,2006,254606,1.6,CVT,Sedan,Hybrid,White,2,26601.51
Mercedes,C-Class,2019,272459,1.0,Robot,Wagon,Petrol,Red,3,39437.31
Hyundai,Tucson,2007,7971,1.8,Robot,Wagon,Hybrid,Red,4,38518.19
Toyota,Corolla,2014,141609,3.0,Robot,Hatchback,Hybrid,Grey,4,40650.14
Ford,Focus,2008,78004,2.4,Robot,Wagon,Hybrid,Silver,4,39654.33
Audi,Q5,2008,23259,2.4,Automatic,Wagon,Hybrid,Black,3,45722.0
BMW,5 Series,2020,288453,2.7,Manual,Hatchback,Electric,Blue,2,49639.6
BMW,X3,2008,201264,1.0,CVT,Hatchback,Petrol,White,2,26920.05
BMW,X3,2002,249091,2.2,CVT,Coupe,Hybrid,Blue,4,29075.53
Nissan,Almera,2022,113693,2.5,Robot,Wagon,Petrol,Brown,3,36162.11
Kia,Sorento,2009,205459,2.4,CVT,Coupe,Petrol,White,3,26715.84
Hyundai,Elantra,2011,219162,3.5,CVT,Coupe,Petrol,White,5,31109.91
Kia,Sportage,2018,68147,3.0,Automatic,Coupe,Petrol,Grey,3,50808.78
Nissan,Teana,2000,289445,3.5,Automatic,SUV,Hybrid,Brown,4,27490.34
BMW,5 Series,2014,92554,5.0,Automatic,SUV,Electric,Blue,5,58160.63
Kia,Rio,2001,246052,2.0,Manual,Wagon,Diesel,Grey,2,18004.33
BMW,5 Series,2011,160811,4.0,Automatic,Hatchback,Petrol,Blue,5,35795.69
Nissan,Almera,2001,33826,1.4,Automatic,SUV,Hybrid,Blue,5,38640.8
BMW,X5,2013,12809,1.4,Automatic,Coupe,Hybrid,Green,4,54004.19
Ford,Mondeo,2002,62598,2.0,Robot,Hatchback,Hybrid,Grey,2,29157.81
BMW,3 Series,2022,221516,2.7,CVT,Sedan,Diesel,Black,5,54560.17
Ford,Focus,2006,175403,2.5,Robot,Sedan,Electric,Black,4,31124.21
Nissan,Teana,2016,215494,3.0,Robot,Wagon,Electric,Silver,2,37116.65
Volkswagen,Touareg,2004,132698,5.0,Automatic,SUV,Electric,Blue,3,44605.6
Honda,Accord,2015,196322,2.5,CVT,Sedan,Electric,Blue,5,40229.47
Toyota,Land Cruiser,2020,19659,3.0,Robot,SUV,Petrol,White,5,60145.31
Hyundai,Santa Fe,2010,274444,2.7,Robot,Hatchback,Electric,Brown,5,25343.23
Hyundai,Solaris,2020,181026,2.0,Automatic,Hatchback,Petrol,Silver,5,30866.44
Kia,Sorento,2003,45380,1.4,Manual,SUV,Diesel,Grey,2,36773.22
Volkswagen,Passat,2002,112035,1.8,Robot,Sedan,Diesel,Brown,4,27193.93
Audi,A6,2019,210154,1.8,Manual,Sedan,Petrol,Blue,2,34548.56
Audi,Q5,2006,277845,3.0,Robot,Coupe,Electric,Black,2,39821.5
Kia,Cerato,2007,204222,2.5,Automatic,Wagon,Electric,Black,2,35197.58
Hyundai,Tucson,2020,258466,5.0,Manual,SUV,Electric,Black,2,64287.12
Toyota,Land Cruiser,2005,271615,1.5,Robot,Hatchback,Electric,Green,3,28308.26
BMW,X5,2007,20229,3.0,CVT,Hatchback,Diesel,Red,5,42469.28
Hyundai,Santa Fe,2021,190477,1.6,Manual,Hatchback,Electric,Brown,2,38113.35
Toyota,Corolla,2011,85779,1.6,CVT,Wagon,Hybrid,Brown,5,40450.61
BMW,X3,2023,26325,1.8,Robot,Hatchback,Electric,Silver,5,56424.09
Toyota,Corolla,2018,239947,2.2,CVT,Hatchback,Hybrid,Blue,4,31900.42
Ford,Focus,2020,237159,4.0,Manual,Sedan,Petrol,Grey,2,38759.41
Kia,Cerato,2003,140689,1.6,CVT,Hatchback,Diesel,Red,2,25570.45
Audi,A6,2004,286384,1.8,Manual,Sedan,Petrol,Brown,5,27432.59
Audi,Q5,2013,18013,2.0,CVT,Hatchback,Diesel,Brown,3,48976.93
Volkswagen,Touareg,2013,168461,1.6,CVT,SUV,Electric,Blue,2,45348.49
Honda,Civic,2006,74442,2.7,CVT,Hatchback,Hybrid,Green,4,37905.56
Toyota,Corolla,2009,30552,1.0,Manual,Wagon,Diesel,Brown,3,36504.76
Mercedes,GLE,2003,8798,2.2,Robot,Wagon,Hybrid,Grey,2,44610.28
Kia,Sorento,2013,87638,1.6,CVT,Wagon,Petrol,Black,2,36909.32
Hyundai,Santa Fe,2008,177125,2.5,Automatic,Hatchback,Hybrid,Brown,5,24664.74
Volkswagen,Passat,2007,4861,5.0,Manual,Sedan,Petrol,Brown,5,59322.33
Kia,Sportage,2004,165912,2.4,Automatic,SUV,Petrol,Black,4,23412.28
Volkswagen,Golf,2022,55786,3.0,Manual,Wagon,Hybrid,Black,3,61766.31
Mercedes,GLE,2007,270855,2.2,Manual,Hatchback,Electric,Green,5,45480.67
Kia,Sportage,2013,265237,2.0,Robot,Coupe,Hybrid,Silver,3,28512.66
Ford,Mondeo,2006,156837,1.6,Manual,Wagon,Diesel,Black,3,27492.37
Audi,Q7,2017,269289,2.0,Automatic,Wagon,Hybrid,Green,4,41448.24
Kia,Rio,2016,56815,1.8,Automatic,SUV,Hybrid,White,5,48804.86
Toyota,Camry,2019,77088,2.4,Robot,Wagon,Electric,Red,2,44967.34
Kia,Rio,2023,214601,2.7,CVT,Wagon,Electric,Green,3,51427.73
BMW,X5,2017,40308,1.0,CVT,Sedan,Petrol,Silver,5,46106.96
Audi,A4,2012,221968,2.2,Manual,Wagon,Diesel,Brown,2,28186.64
Honda,CR-V,2011,243772,1.0,Manual,Hatchback,Diesel,White,5,26474.34
Audi,Q5,2000,169573,2.2,Automatic,Sedan,Petrol,Silver,2,22683.18
Toyota,Corolla,2013,120730,1.8,CVT,Sedan,Diesel,Red,4,31685.53
BMW,X5,2022,148051,1.4,Automatic,SUV,Petrol,Black,5,51889.33
Hyundai,Elantra,2006,80636,2.0,Automatic,Wagon,Diesel,Black,3,31509.8
Nissan,Almera,2017,134607,1.8,Manual,Coupe,Electric,Black,2,45621.83
Hyundai,Solaris,2021,111889,1.2,Robot,Wagon,Petrol,Silver,3,43676.84
Mercedes,E-Class,2001,66697,2.0,CVT,Hatchback,Diesel,Red,5,30084.02
Ford,Kuga,2016,73277,4.0,CVT,SUV,Hybrid,Green,2,58072.57
Hyundai,Tucson,2005,99468,3.0,CVT,SUV,Petrol,Green,3,38272.71
Toyota,RAV4,2004,259925,1.4,Robot,Hatchback,Electric,Grey,4,30204.77
Honda,CR-V,2000,33593,3.5,Manual,Sedan,Petrol,Red,2,38516.03
BMW,3 Series,2023,206971,1.2,Manual,Hatchback,Electric,Brown,4,47368.49
Kia,Sportage,2022,62613,1.5,Automatic,Wagon,Hybrid,Silver,4,43902.98
Nissan,X-Trail,2005,145921,2.2,Manual,Coupe,Petrol,Red,2,23258.01
Honda,Civic,2011,56238,1.4,Robot,Sedan,Hybrid,Brown,5,41070.03
BMW,X3,2007,102652,4.0,Automatic,Sedan,Hybrid,Blue,5,51102.41
Nissan,Patrol,2023,95798,1.5,Manual,Sedan,Electric,Blue,5,50680.68
Ford,Mondeo,2019,264603,1.0,CVT,Hatchback,Hybrid,Black,5,42914.93
Nissan,Teana,2009,144535,1.8,CVT,Sedan,Petrol,Blue,3,28154.54
Honda,CR-V,2016,220073,3.0,Automatic,Hatchback,Electric,White,5,41062.95
Nissan,X-Trail,2004,75992,1.0,Robot,Coupe,Diesel,White,3,30345.65
Honda,Accord,2018,69837,2.2,Manual,Wagon,Hybrid,Blue,3,46534.49
Toyota,Corolla,2020,112099,2.0,Automatic,Coupe,Electric,Grey,3,51996.78
Toyota,Corolla,2019,188418,1.6,Automatic,SUV,Electric,Brown,2,44819.67
Kia,Cerato,2016,295863,1.2,Manual,SUV,Petrol,Blue,2,31160.32
Toyota,Corolla,2014,78563,5.0,Robot,Hatchback,Electric,White,3,58233.87
Mercedes,GLE,2002,20448,2.5,CVT,Wagon,Diesel,Brown,5,41503.38
BMW,3 Series,2020,90481,1.4,Automatic,SUV,Hybrid,Grey,3,54598.57
Volkswagen,Touareg,2002,121682,1.8,Robot,Coupe,Electric,Red,3,33518.29
BMW,X5,2000,10956,2.2,Robot,SUV,Hybrid,Silver,5,34648.92
Kia,Rio,2009,113922,1.4,Robot,Wagon,Hybrid,Brown,4,38164.31
Nissan,Patrol,2010,38311,1.8,Robot,SUV,Electric,Grey,4,43696.2
Volkswagen,Tiguan,2014,179693,1.2,CVT,Wagon,Petrol,Red,2,33550.18
Audi,A6,2007,241942,5.0,CVT,Wagon,Petrol,Green,3,34171.26
BMW,X3,2007,290277,1.5,CVT,Coupe,Hybrid,Silver,4,32401.01
Nissan,X-Trail,2023,222159,1.0,Robot,SUV,Hybrid,Brown,2,41510.22
Honda,Accord,2007,145476,2.0,CVT,Coupe,Electric,White,5,38059.38
Mercedes,GLE,2023,149776,5.0,Robot,Coupe,Electric,Red,2,63153.12
Nissan,Almera,2003,10652,4.0,Robot,Wagon,Electric,Black,4,49791.62
Mercedes,E-Class,2012,186764,4.0,CVT,Hatchback,Petrol,Blue,5,42598.42
Mercedes,C-Class,2003,255392,5.0,Manual,SUV,Hybrid,Brown,5,46768.39
Audi,A6,2001,228629,1.0,CVT,SUV,Electric,Brown,2,37710.53
Kia,Cerato,2019,66896,2.2,CVT,Coupe,Hybrid,Grey,3,45030.79
Volkswagen,Touareg,2001,214020,1.2,CVT,SUV,Diesel,White,5,21160.35
Volkswagen,Touareg,2014,157998,1.0,CVT,SUV,Petrol,Brown,2,36629.79
Audi,A4,2020,91205,1.2,Automatic,SUV,Electric,Brown,2,56836.31
BMW,5 Series,2015,34986,2.7,Robot,Sedan,Petrol,Blue,3,56719.87
BMW,X5,2010,66151,5.0,CVT,Sedan,Diesel,Grey,2,56385.14
Volkswagen,Touareg,2016,93993,2.7,CVT,SUV,Petrol,Red,2,47944.06
Hyundai,Santa Fe,2018,287153,5.0,Automatic,Coupe,Electric,Black,5,60728.31
Nissan,X-Trail,2007,130251,2.2,CVT,Hatchback,Electric,Silver,4,33690.51
Honda,Civic,2003,246590,1.0,CVT,SUV,Petrol,Green,4,22217.08
Mercedes,GLC,2007,54607,1.4,Manual,Hatchback,Diesel,Green,2,31966.86
Audi,A6,2004,239190,2.4,CVT,Sedan,Diesel,Silver,3,27674.13
BMW,5 Series,2002,249434,1.4,Robot,Sedan,Hybrid,Black,2,20767.04
Volkswagen,Passat,2016,46996,1.5,Manual,Wagon,Petrol,Red,2,44945.85
BMW,5 Series,2015,157029,1.8,Manual,Coupe,Electric,Green,3,47115.04
Toyota,Corolla,2020,270651,2.7,Manual,Wagon,Electric,Black,5,46387.67
Ford,Kuga,2010,31440,3.5,Automatic,Coupe,Electric,Brown,5,54789.78
Volkswagen,Passat,2015,39023,4.0,Automatic,Hatchback,Hybrid,Red,5,51550.46
Kia,Sorento,2017,159245,1.5,Manual,Wagon,Electric,Brown,3,31201.39
Volkswagen,Touareg,2023,255931,3.5,Robot,Hatchback,Petrol,Green,2,42828.27
Mercedes,C-Class,2003,17241,1.5,Manual,Sedan,Diesel,Silver,2,39661.35
Mercedes,C-Class,2012,149014,1.8,Manual,Sedan,Hybrid,Grey,3,51408.13
Ford,Kuga,2000,129288,1.2,Manual,Hatchback,Hybrid,Silver,5,28239.59
Nissan,Almera,2012,223023,1.4,Automatic,Sedan,Diesel,Green,5,27065.09
Mercedes,GLE,2014,87340,1.8,Robot,SUV,Diesel,Blue,2,45713.36
Ford,Mondeo,2001,51818,2.0,Automatic,Coupe,Electric,Blue,4,40982.56
Toyota,Corolla,2013,226597,5.0,CVT,Hatchback,Petrol,Red,4,43581.28
Audi,Q7,2010,283390,1.2,CVT,Sedan,Petrol,Blue,4,32226.28
Honda,Civic,2021,117363,2.5,Manual,Wagon,Hybrid,Green,5,41437.65
Volkswagen,Golf,2012,205355,3.0,Automatic,Coupe,Petrol,White,3,37013.55
Toyota,RAV4,2010,209485,5.0,Manual,SUV,Petrol,Silver,5,37426.82
Ford,Kuga,2011,128721,3.0,CVT,Coupe,Hybrid,Green,3,46944.4
BMW,X3,2000,235994,1.2,Automatic,Hatchback,Petrol,Blue,2,21187.31
Nissan,Patrol,2009,299140,1.2,Manual,Hatchback,Hybrid,Grey,5,23156.41
Nissan,Almera,2003,69306,5.0,Automatic,Sedan,Hybrid,Green,3,46921.88
Toyota,RAV4,2011,99599,1.8,Automatic,Hatchback,Diesel,Green,2,32899.86
Audi,Q7,2005,265026,2.4,CVT,Coupe,Petrol,Black,3,29234.92
Volkswagen,Touareg,2023,255043,1.8,Robot,Coupe,Diesel,Black,5,43277.73
Volkswagen,Golf,2022,44397,4.0,Automatic,Coupe,Diesel,Black,5,52589.54
Kia,Sorento,2006,199548,1.8,Automatic,Coupe,Petrol,Blue,4,23168.34
Nissan,X-Trail,2007,25968,3.5,Robot,Coupe,Electric,Green,4,57563.04
Toyota,Camry,2016,139325,4.0,Automatic,Hatchback,Petrol,Brown,4,34548.48
BMW,X5,2012,81311,1.4,CVT,Sedan,Hybrid,Grey,2,44030.58
Hyundai,Tucson,2004,83265,5.0,Automatic,SUV,Petrol,Green,3,41770.5
Honda,CR-V,2023,182615,1.0,Robot,Hatchback,Diesel,Grey,4,34488.12
Volkswagen,Passat,2020,202615,1.4,Manual,Coupe,Hybrid,Blue,2,44596.64
Nissan,X-Trail,2020,155927,2.5,CVT,Hatchback,Petrol,Grey,4,50155.0
Nissan,X-Trail,2001,259589,1.6,Manual,Hatchback,Electric,Silver,4,26887.01
BMW,X3,2005,164434,3.5,CVT,Hatchback,Diesel,Blue,5,33114.19
Hyundai,Elantra,2014,236139,4.0,CVT,Wagon,Diesel,Green,4,34890.43
Mercedes,GLE,2012,90073,2.5,Automatic,SUV,Petrol,Black,5,49255.9
Toyota,RAV4,2013,132290,3.5,CVT,Hatchback,Diesel,Blue,3,33466.84
Mercedes,GLC,2010,167284,1.5,Robot,SUV,Hybrid,Blue,3,44218.23
Volkswagen,Touareg,2013,67593,2.2,Manual,Hatchback,Diesel,White,2,37956.57
Honda,Civic,2005,37170,1.5,CVT,Wagon,Petrol,Silver,5,30283.41
Nissan,Teana,2015,57287,4.0,Manual,Hatchback,Electric,Brown,5,51163.77
Mercedes,GLE,2010,213739,4.0,Manual,SUV,Diesel,Brown,4,42150.13
Audi,A4,2002,20605,5.0,Robot,Wagon,Electric,Grey,4,49712.57
Nissan,Patrol,2021,135501,5.0,CVT,Coupe,Petrol,Green,5,54586.53
Audi,A6,2003,152802,2.5,Robot,SUV,Electric,Red,5,41912.07
Toyota,Land Cruiser,2008,220084,2.4,CVT,Sedan,Electric,Green,2,34102.54
Honda,CR-V,2010,265735,2.0,Robot,Coupe,Electric,Green,4,40173.5
Honda,Civic,2020,166519,1.4,CVT,Hatchback,Electric,Red,4,41812.14
Audi,Q7,2003,42192,1.6,Robot,Sedan,Diesel,Grey,2,43888.33
Hyundai,Santa Fe,2000,203400,1.5,Manual,Hatchback,Electric,Blue,2,26654.86
Mercedes,E-Class,2000,206084,5.0,CVT,Wagon,Petrol,Red,2,33304.28
Kia,Sorento,2009,15330,2.0,CVT,Hatchback,Petrol,Grey,3,36978.57
Kia,Sorento,2023,113805,1.2,Robot,SUV,Electric,Black,2,55566.18
BMW,5 Series,2003,125801,1.5,CVT,Coupe,Diesel,Blue,3,39512.18
Volkswagen,Touareg,2014,24220,1.5,CVT,Hatchback,Diesel,Grey,2,46393.55
Hyundai,Tucson,2006,250139,1.0,Manual,Hatchback,Diesel,Blue,5,22668.05
Toyota,Land Cruiser,2022,254271,1.4,CVT,Hatchback,Diesel,Grey,3,33052.11
Toyota,Corolla,2016,51048,2.0,CVT,Sedan,Diesel,Grey,4,46019.48
Kia,Cerato,2020,266891,2.0,Automatic,Coupe,Diesel,Black,5,33086.29
Audi,A4,2000,19455,2.4,Automatic,Wagon,Diesel,Red,4,38454.11
Kia,Rio,2013,40484,2.2,CVT,Coupe,Petrol,Brown,4,42569.28
BMW,5 Series,2021,120827,3.5,CVT,Sedan,Electric,Black,4,49192.1
Toyota,Land Cruiser,2001,106960,2.2,Automatic,Coupe,Electric,Brown,4,39001.29
Mercedes,GLC,2015,119894,3.5,Robot,Hatchback,Hybrid,Grey,3,54185.86
Mercedes,GLE,2012,148188,2.4,Automatic,Wagon,Petrol,Blue,2,39949.47
BMW,X5,2020,45177,2.4,Robot,SUV,Diesel,White,3,57023.43
Mercedes,GLE,2019,95287,2.0,Manual,SUV,Diesel,White,3,44551.7
Audi,A4,2007,105312,3.5,Manual,Hatchback,Hybrid,Silver,5,43417.25
Honda,CR-V,2000,103976,5.0,Robot,Wagon,Petrol,White,4,31976.44
Kia,Rio,2015,24815,3.5,Automatic,Sedan,Electric,Blue,5,53821.44
Hyundai,Santa Fe,2019,190732,2.2,Robot,Coupe,Electric,Red,3,31098.87
Nissan,X-Trail,2014,154473,3.0,Robot,Wagon,Hybrid,Black,3,42826.32
Ford,Focus,2008,83251,1.4,Manual,Hatchback,Petrol,Silver,3,34991.16
Honda,CR-V,2001,95149,1.6,Automatic,SUV,Diesel,Silver,4,28100.17
Honda,CR-V,2006,69284,2.0,Robot,Hatchback,Hybrid,Black,2,42951.15
BMW,X5,2023,232275,2.0,Robot,Sedan,Hybrid,Red,5,41347.27
BMW,X5,2014,234989,5.0,Robot,Sedan,Hybrid,Red,2,56878.77
Toyota,Corolla,2013,205719,2.4,Automatic,Sedan,Petrol,Blue,5,30231.0
Ford,Kuga,2003,27684,4.0,CVT,SUV,Hybrid,Green,3,48233.05
Mercedes,GLE,2010,72725,1.5,Manual,SUV,Diesel,Silver,4,45249.92
Hyundai,Elantra,2023,61477,1.6,Manual,Hatchback,Diesel,Silver,5,46730.34
Ford,Mondeo,2015,139148,2.0,Robot,SUV,Hybrid,Red,5,45917.46
Kia,Rio,2016,107327,1.2,Manual,Sedan,Diesel,Grey,4,35678.05
Hyundai,Elantra,2016,100459,1.0,CVT,Hatchback,Hybrid,Brown,4,41624.39
Hyundai,Solaris,2002,242726,3.0,CVT,Wagon,Petrol,Brown,2,24110.62
Audi,Q7,2023,190191,1.8,Automatic,SUV,Petrol,Blue,2,45622.9
Honda,CR-V,2020,60721,2.2,CVT,Coupe,Petrol,Brown,3,48202.11
BMW,X3,2022,272530,3.5,Manual,Hatchback,Diesel,Red,3,50231.25
Mercedes,E-Class,2018,252646,1.5,Automatic,SUV,Hybrid,Silver,4,47180.99
Kia,Sorento,2014,28365,1.8,Automatic,Sedan,Diesel,Grey,4,44365.7
Toyota,Land Cruiser,2007,171955,3.0,Robot,Sedan,Hybrid,Red,5,39349.39
Toyota,Corolla,2016,215888,1.2,Robot,Hatchback,Electric,Blue,4,29992.64
Kia,Cerato,2021,298325,5.0,Robot,Sedan,Hybrid,Silver,3,46248.48
BMW,5 Series,2022,220026,2.4,Automatic,Hatchback,Hybrid,White,3,44296.73
Volkswagen,Tiguan,2020,42407,3.0,CVT,Hatchback,Petrol,Brown,4,45480.14
Honda,Civic,2022,63528,1.5,Robot,Wagon,Petrol,Red,5,52980.78
Mercedes,E-Class,2023,61086,2.2,CVT,Hatchback,Petrol,Red,5,53480.51
Mercedes,E-Class,2017,42103,2.4,Robot,Wagon,Petrol,Black,4,55869.05
Audi,A6,2015,86067,2.2,Robot,Wagon,Petrol,Brown,5,40759.9
Kia,Rio,2002,275251,3.5,CVT,Hatchback,Electric,Silver,5,24960.45
Volkswagen,Tiguan,2023,10110,1.0,Robot,Sedan,Diesel,Brown,5,57563.96
BMW,3 Series,2008,148940,1.8,Automatic,SUV,Petrol,Green,3,27030.73
Ford,Mondeo,2010,243815,1.8,Robot,Hatchback,Hybrid,Brown,4,25015.53
Volkswagen,Touareg,2006,186307,1.4,CVT,Wagon,Electric,Green,2,32323.24
Kia,Rio,2017,178068,1.0,Robot,Hatchback,Electric,Grey,5,43425.96
Audi,A4,2018,273010,1.2,CVT,SUV,Hybrid,Brown,5,43315.39
BMW,5 Series,2015,273139,2.4,Robot,SUV,Electric,Green,4,49588.92
Ford,Focus,2005,87342,2.2,CVT,Hatchback,Diesel,Blue,3,31125.83
Ford,Focus,2005,223059,1.0,Manual,Hatchback,Hybrid,Green,3,27754.21
Honda,Civic,2000,146539,1.5,Robot,Coupe,Petrol,Brown,4,22888.35
BMW,5 Series,2012,80978,3.5,Automatic,Sedan,Petrol,Silver,4,41020.72
Mercedes,GLC,2005,192408,5.0,Manual,Wagon,Diesel,Blue,4,41523.33
Kia,Sorento,2001,226801,1.6,Manual,Coupe,Electric,Black,3,26711.44
Ford,Kuga,2016,32099,3.5,CVT,Sedan,Petrol,White,4,61152.1
Volkswagen,Touareg,2002,101611,5.0,Manual,Sedan,Diesel,Black,5,30923.68
Nissan,X-Trail,2004,168377,1.6,Manual,SUV,Electric,Black,4,30787.22
Mercedes,C-Class,2009,8539,2.5,Automatic,Sedan,Diesel,Grey,2,46065.54
Volkswagen,Tiguan,2010,76421,2.7,Manual,Wagon,Diesel,Black,2,39723.55
BMW,X3,2003,266267,3.0,Automatic,SUV,Electric,Green,4,38638.2
Kia,Cerato,2018,238078,3.5,Automatic,Wagon,Electric,Black,2,43474.22
Toyota,Corolla,2015,186807,2.2,CVT,Hatchback,Electric,Grey,2,35992.76
Volkswagen,Golf,2016,57805,4.0,Robot,Sedan,Diesel,Black,5,54043.44
Ford,Mondeo,2000,275871,2.4,CVT,Wagon,Petrol,Black,3,16175.38
Honda,CR-V,2014,243761,4.0,Automatic,Wagon,Electric,Green,3,48480.82
Volkswagen,Passat,2008,115256,2.5,Robot,Sedan,Diesel,Brown,5,47229.01
Toyota,RAV4,2019,70605,2.2,Manual,Wagon,Petrol,Silver,2,40439.45
Volkswagen,Passat,2007,110373,1.8,Robot,SUV,Hybrid,Silver,5,33562.8
Nissan,Almera,2013,123491,1.8,Robot,Wagon,Petrol,Grey,4,29953.52
Toyota,Camry,2008,269182,5.0,Robot,SUV,Hybrid,Green,4,42628.52
Nissan,X-Trail,2011,275201,1.0,CVT,Hatchback,Electric,Red,2,27148.8
Audi,Q5,2002,84335,4.0,Manual,Coupe,Petrol,Grey,5,50537.97
Hyundai,Santa Fe,2019,84553,1.4,Manual,Sedan,Electric,Brown,5,50929.08
Hyundai,Santa Fe,2023,155360,1.8,Robot,Sedan,Electric,Silver,4,41554.03
Honda,CR-V,2021,186670,2.4,CVT,Wagon,Petrol,Blue,2,43085.89
Mercedes,GLE,2023,265955,1.5,Manual,Hatchback,Electric,Black,4,57312.53
BMW,X3,2005,150434,1.5,Automatic,Coupe,Petrol,Red,3,25621.13
Mercedes,GLC,2010,261745,1.5,Manual,Wagon,Electric,Silver,2,37204.09
Nissan,X-Trail,2003,290726,3.5,Robot,Hatchback,Diesel,Silver,5,29695.85
Volkswagen,Passat,2023,234631,4.0,CVT,SUV,Petrol,Brown,3,48408.79
Honda,CR-V,2018,36972,2.0,Manual,Hatchback,Diesel,Black,3,45579.87
Volkswagen,Golf,2005,3052,2.4,CVT,Coupe,Petrol,Red,2,39293.99
Hyundai,Solaris,2006,27597,1.2,Automatic,Sedan,Hybrid,Red,4,34282.13
Volkswagen,Tiguan,2016,287514,1.5,Manual,SUV,Petrol,Silver,4,31725.03
Toyota,RAV4,2023,242217,3.5,Automatic,Hatchback,Diesel,Silver,5,45761.09
Toyota,Land Cruiser,2015,141668,1.4,Automatic,SUV,Hybrid,Black,5,40538.2
Ford,Kuga,2016,45891,1.4,Automatic,Sedan,Petrol,Green,4,47817.85
Kia,Sorento,2020,280118,1.6,Robot,Sedan,Diesel,White,4,37731.17
Toyota,Corolla,2004,169911,2.4,Robot,Wagon,Petrol,Black,5,26938.88
Hyundai,Tucson,2005,262170,1.8,Robot,SUV,Petrol,Brown,3,25518.87
Audi,A6,2020,158757,1.6,Robot,Hatchback,Electric,Blue,5,56643.08
Volkswagen,Touareg,2020,285840,2.4,CVT,Hatchback,Petrol,Green,2,37768.13
Mercedes,C-Class,2019,88377,1.4,CVT,Coupe,Hybrid,White,3,56059.62
BMW,3 Series,2022,63853,1.5,CVT,SUV,Hybrid,Green,5,53562.89
Honda,Civic,2017,267411,2.2,CVT,Hatchback,Hybrid,Red,3,36789.01
Kia,Rio,2019,237439,1.8,Robot,Hatchback,Diesel,Red,4,29888.4
Audi,Q7,2013,176682,2.2,Robot,Wagon,Electric,Red,5,38694.93
Toyota,Land Cruiser,2006,13200,1.5,Manual,Coupe,Diesel,Grey,2,34588.08
Ford,Mondeo,2005,256356,1.4,Automatic,Sedan,Petrol,Red,2,19234.7
Volkswagen,Touareg,2019,7425,2.5,Robot,Coupe,Diesel,Black,2,57158.0
Honda,CR-V,2013,1845,5.0,Automatic,Coupe,Hybrid,Green,4,60271.78
Kia,Rio,2004,97898,3.0,Robot,Sedan,Electric,Grey,5,38946.56
Nissan,Patrol,2023,283855,1.5,CVT,Hatchback,Petrol,Brown,3,34396.14
Volkswagen,Passat,2011,129745,2.2,Automatic,Coupe,Electric,Blue,3,45398.05
Kia,Cerato,2008,177198,2.7,Manual,Hatchback,Petrol,White,5,26891.32
Kia,Sorento,2021,268113,1.8,Manual,Wagon,Hybrid,White,3,38539.49
Ford,Kuga,2009,283374,2.4,CVT,Wagon,Petrol,Green,5,26892.38
Mercedes,GLC,2009,298009,3.5,Automatic,Hatchback,Diesel,Black,2,37640.44
Kia,Sportage,2015,25801,2.2,Automatic,Sedan,Diesel,Green,4,49710.37
Kia,Sportage,2023,16220,1.0,Robot,SUV,Electric,Green,5,59854.95
Ford,Kuga,2005,1082,3.5,CVT,Sedan,Petrol,Brown,3,45874.8
Honda,Accord,2007,170608,3.5,Automatic,Wagon,Diesel,Grey,3,30748.73
Ford,Focus,2020,172855,3.0,Robot,Wagon,Hybrid,Grey,3,42062.71
Kia,Sorento,2003,13698,1.0,Manual,Coupe,Hybrid,Green,3,45001.12
Hyundai,Elantra,2014,92529,1.2,Manual,Hatchback,Electric,Red,3,43866.48
Kia,Sorento,2003,198382,5.0,Robot,Hatchback,Diesel,Black,2,32097.98
Hyundai,Solaris,2000,73352,1.6,Automatic,Wagon,Hybrid,Silver,3,29390.57
Kia,Rio,2018,162572,2.2,CVT,Wagon,Hybrid,White,2,46645.27
Toyota,Camry,2007,119095,3.5,Robot,SUV,Diesel,Grey,5,33725.06
Ford,Focus,2020,78591,1.8,Automatic,Hatchback,Diesel,Grey,2,47748.4
Nissan,Almera,2013,67156,1.0,Automatic,Coupe,Petrol,White,5,33800.09
Toyota,RAV4,2006,164944,1.0,Manual,Sedan,Diesel,Black,3,23213.73
Volkswagen,Golf,2004,11467,1.4,Automatic,Coupe,Electric,Grey,2,55374.93
Nissan,Teana,2001,285084,1.4,Manual,SUV,Hybrid,White,3,28430.02
Audi,Q7,2010,151168,1.6,Automatic,Sedan,Diesel,Red,3,34188.75
Ford,Mondeo,2004,118384,1.8,Automatic,Coupe,Diesel,Brown,5,30091.51
Ford,Mondeo,2011,210255,1.8,CVT,Hatchback,Electric,Blue,4,35672.26
Nissan,Almera,2002,203426,1.8,Manual,SUV,Electric,Silver,4,27589.01
Mercedes,E-Class,2001,179729,1.4,Robot,Wagon,Diesel,White,5,29284.07
Nissan,Teana,2003,278586,3.5,Manual,Coupe,Hybrid,Red,4,30405.54
Audi,A6,2013,111119,4.0,Manual,Coupe,Hybrid,Grey,5,48867.15
Honda,Civic,2016,124125,1.8,Robot,Hatchback,Diesel,Black,4,36896.02
Kia,Cerato,2004,51943,1.6,Robot,Coupe,Hybrid,Blue,2,34604.72
Volkswagen,Touareg,2003,25874,1.8,Automatic,Sedan,Electric,White,5,39141.62
Kia,Cerato,2018,32735,4.0,Robot,Hatchback,Diesel,Black,5,51514.92
Toyota,RAV4,2011,281097,1.6,Manual,SUV,Hybrid,Blue,5,36237.99
BMW,5 Series,2002,20773,1.5,Robot,SUV,Electric,Silver,4,49060.27
Hyundai,Santa Fe,2000,71745,3.5,Automatic,Hatchback,Petrol,Blue,3,33798.75
Hyundai,Santa Fe,2011,236576,2.4,Manual,Hatchback,Electric,Black,4,36676.36
Ford,Focus,2018,18510,2.4,Automatic,Wagon,Electric,Grey,3,50571.21
Ford,Focus,2004,232380,2.7,CVT,SUV,Petrol,Red,5,25473.35
Hyundai,Solaris,2017,288683,3.0,Automatic,Hatchback,Hybrid,Grey,3,36577.43
Honda,Accord,2017,274462,3.0,Robot,Coupe,Electric,White,3,53575.44
BMW,X3,2009,219365,1.4,CVT,Wagon,Petrol,Grey,4,31981.22
Ford,Mondeo,2020,142063,2.5,Robot,Coupe,Diesel,Blue,3,35681.1
Kia,Sportage,2022,277873,2.7,Manual,Hatchback,Hybrid,Silver,3,44691.62
Kia,Sorento,2010,130514,3.0,Manual,SUV,Petrol,Black,3,36235.68
Honda,Accord,2017,52044,1.4,Manual,Wagon,Diesel,Green,4,43443.5
Ford,Mondeo,2021,131605,2.7,CVT,Sedan,Electric,Grey,5,44844.04
Nissan,Patrol,2013,172922,1.5,Robot,Wagon,Diesel,Black,5,32854.46
Nissan,Teana,2007,271619,5.0,CVT,Hatchback,Petrol,White,2,37441.4
Volkswagen,Golf,2018,80730,2.2,Manual,Wagon,Petrol,White,4,46144.9
Audi,Q5,2006,161080,3.0,Manual,Hatchback,Hybrid,Green,4,38416.26
Nissan,X-Trail,2022,131458,1.2,Manual,SUV,Electric,Black,2,48520.9
Ford,Mondeo,2020,23798,4.0,Robot,Coupe,Electric,Brown,3,68694.68
Ford,Mondeo,2022,58334,1.5,Robot,Sedan,Electric,Silver,2,48440.66
Ford,Kuga,2011,132672,2.0,CVT,Coupe,Diesel,Grey,5,34587.19
Volkswagen,Golf,2013,14507,1.5,Robot,SUV,Diesel,Silver,3,49548.64
Hyundai,Solaris,2001,66600,2.4,Robot,Coupe,Petrol,Red,4,31680.82
Hyundai,Solaris,2017,245420,3.5,Robot,Sedan,Petrol,Black,5,38425.96
Audi,A6,2023,51782,1.0,Robot,Coupe,Diesel,Green,2,54300.23
Honda,Accord,2020,114836,2.0,Automatic,Hatchback,Hybrid,White,5,46262.52
Honda,Accord,2001,241421,5.0,Robot,Hatchback,Electric,Silver,2,34968.99
Ford,Mondeo,2012,62398,3.0,CVT,Coupe,Hybrid,Red,5,54401.05
Mercedes,C-Class,2007,118018,1.2,CVT,Wagon,Hybrid,Brown,2,43018.56
Ford,Focus,2011,46221,4.0,CVT,SUV,Hybrid,Silver,5,57488.38
BMW,X3,2003,201615,1.5,Robot,Sedan,Hybrid,Red,4,32570.42
BMW,X3,2002,274843,2.5,Automatic,Sedan,Electric,Brown,4,42805.49
Hyundai,Santa Fe,2015,82911,3.5,Manual,Wagon,Petrol,Green,5,35193.41
BMW,3 Series,2018,211325,1.6,Automatic,Sedan,Petrol,Grey,3,28234.5
Honda,CR-V,2002,4521,4.0,Automatic,Wagon,Petrol,Black,3,41240.68
Nissan,Patrol,2009,192249,1.8,CVT,Wagon,Petrol,Red,5,25712.57
Toyota,Camry,2008,292338,1.8,CVT,Sedan,Petrol,Brown,5,22988.0
Honda,CR-V,2015,200671,5.0,Manual,SUV,Hybrid,Blue,3,53466.94
Ford,Kuga,2013,273346,2.5,Robot,Sedan,Petrol,Silver,5,34010.65
Nissan,X-Trail,2000,129526,3.0,Automatic,Hatchback,Diesel,Grey,2,28139.22
Kia,Sportage,2013,205714,5.0,Manual,Wagon,Petrol,Green,3,37142.57
Nissan,Patrol,2023,280786,5.0,Robot,Hatchback,Diesel,Green,2,49651.03
Mercedes,C-Class,2007,241024,3.0,Automatic,Wagon,Petrol,Silver,2,35846.41
Honda,CR-V,2017,97540,4.0,Manual,Hatchback,Diesel,Blue,4,38858.35
Volkswagen,Golf,2011,259859,1.2,Automatic,Coupe,Electric,Green,2,33944.63
Toyota,Corolla,2015,234673,2.2,Automatic,SUV,Petrol,Blue,3,34546.67
Hyundai,Tucson,2012,240839,1.4,Automatic,Coupe,Hybrid,Green,5,28764.47
Nissan,X-Trail,2016,4544,2.0,Manual,SUV,Petrol,Silver,4,64379.62
Volkswagen,Passat,2002,134405,1.4,Automatic,Coupe,Petrol,Grey,5,28563.19
BMW,X5,2012,31786,1.6,Manual,SUV,Diesel,Red,3,52485.84
Kia,Rio,2016,35575,2.0,CVT,Coupe,Petrol,White,5,44481.47
Kia,Sorento,2004,43634,2.2,Manual,SUV,Electric,Silver,4,47019.11
Audi,A6,2015,229414,5.0,Manual,Hatchback,Electric,Grey,4,44697.8
Ford,Kuga,2012,158070,1.4,CVT,Wagon,Hybrid,Green,3,36158.47
Hyundai,Santa Fe,2006,61331,1.2,Automatic,Wagon,Diesel,Silver,3,32826.15
Audi,A4,2001,264052,2.7,Automatic,Coupe,Electric,Green,2,34552.98
Volkswagen,Golf,2001,289101,1.5,Automatic,Hatchback,Hybrid,Brown,3,25366.94
Mercedes,C-Class,2009,255536,2.2,Robot,Coupe,Hybrid,Brown,5,27297.17
Nissan,X-Trail,2007,160104,1.2,CVT,Sedan,Electric,Green,4,35287.17
Audi,Q5,2016,247399,1.2,Manual,Hatchback,Hybrid,Blue,5,36675.79
BMW,3 Series,2013,188717,1.8,CVT,Sedan,Diesel,Brown,2,30255.31
Mercedes,C-Class,2000,94897,2.5,Robot,Hatchback,Hybrid,Black,4,40666.05
Nissan,Patrol,2011,38805,3.0,CVT,Wagon,Hybrid,White,4,47780.29
BMW,X5,2008,279860,3.5,Automatic,Coupe,Petrol,Black,2,36555.96
Hyundai,Santa Fe,2022,290894,2.7,CVT,Hatchback,Hybrid,Black,3,43582.13
Mercedes,GLC,2010,131458,5.0,CVT,Sedan,Diesel,Brown,2,52746.09
Honda,Accord,2009,14633,1.6,Automatic,Wagon,Electric,Grey,2,44877.65
BMW,3 Series,2011,75379,1.2,Robot,Hatchback,Diesel,Silver,2,40532.57
Nissan,Almera,2000,118243,4.0,CVT,Hatchback,Hybrid,Blue,5,34483.08
Nissan,X-Trail,2012,80636,4.0,Automatic,Wagon,Hybrid,Green,3,42251.29
Hyundai,Solaris,2006,214135,2.2,Automatic,Sedan,Diesel,Silver,5,27844.96
Audi,A6,2004,252134,4.0,Manual,Sedan,Electric,Black,3,41048.29
Kia,Rio,2016,30982,2.4,CVT,SUV,Diesel,Grey,2,49735.7
BMW,X3,2020,44845,2.7,Robot,Hatchback,Petrol,Green,5,55323.06
Mercedes,C-Class,2004,22205,3.0,Robot,Wagon,Petrol,Green,2,41974.77
Honda,Civic,2000,283071,5.0,CVT,Hatchback,Electric,Grey,3,32117.4
BMW,3 Series,2001,249894,1.4,Manual,SUV,Petrol,Green,2,29615.61
Hyundai,Tucson,2014,297393,3.5,Automatic,Sedan,Petrol,Grey,5,29352.04
Honda,Civic,2000,119667,2.0,Robot,Sedan,Electric,White,5,37104.96
Nissan,X-Trail,2016,39244,2.0,Automatic,SUV,Diesel,Grey,4,49399.48
Nissan,Patrol,2023,23404,1.0,CVT,Wagon,Diesel,Blue,5,46482.99
Toyota,RAV4,2003,108269,1.6,CVT,Wagon,Hybrid,Black,5,33016.42
Mercedes,C-Class,2020,89244,2.0,Manual,Hatchback,Petrol,Brown,4,41676.46
Nissan,Almera,2011,226845,3.5,CVT,Sedan,Diesel,Red,3,34435.14
Mercedes,GLC,2021,182997,2.5,Automatic,Sedan,Diesel,White,4,50576.28
Ford,Kuga,2010,3830,1.4,Manual,Wagon,Diesel,Grey,4,36409.37
Ford,Focus,2016,134137,1.5,CVT,Coupe,Electric,Brown,4,42238.61
Honda,Accord,2000,34169,4.0,Robot,SUV,Electric,Brown,4,44943.75
BMW,5 Series,2009,18179,3.0,Automatic,Wagon,Electric,Brown,4,62980.98
Nissan,Almera,2003,170310,2.5,Automatic,Wagon,Petrol,Grey,3,22975.8
Mercedes,E-Class,2016,117862,2.2,CVT,Sedan,Petrol,Grey,3,46096.82
Ford,Focus,2014,41598,1.6,Robot,Coupe,Petrol,White,4,45660.18
Ford,Kuga,2014,140973,2.5,CVT,Sedan,Electric,Silver,4,36114.01
BMW,5 Series,2002,278456,3.5,Automatic,Wagon,Diesel,Red,4,31152.87
Ford,Kuga,2004,117922,1.2,CVT,Wagon,Diesel,Green,2,25231.32
Mercedes,GLC,2023,136615,3.5,Manual,Coupe,Diesel,Brown,4,60095.94
Mercedes,GLC,2017,90141,5.0,Automatic,Coupe,Electric,Green,5,63289.39
Kia,Sportage,2001,250138,3.5,Robot,SUV,Petrol,Blue,4,28421.47
Nissan,Almera,2002,235605,2.2,CVT,Hatchback,Electric,Green,4,27067.24
Hyundai,Solaris,2003,193175,5.0,Automatic,Coupe,Diesel,Green,3,25479.01
Honda,Accord,2015,166730,1.8,Manual,Coupe,Petrol,Grey,2,32738.99
Volkswagen,Touareg,2012,201657,1.0,Manual,SUV,Diesel,Brown,3,30239.3
Mercedes,C-Class,2017,288056,2.5,CVT,Coupe,Hybrid,Brown,3,43568.24
Mercedes,C-Class,2017,192796,5.0,Manual,Hatchback,Hybrid,Blue,2,57243.95
Audi,Q7,2008,32556,3.0,Automatic,SUV,Electric,Grey,2,54967.11
BMW,X3,2013,153520,3.5,Manual,SUV,Petrol,White,2,39650.09
Volkswagen,Tiguan,2016,189281,2.2,Manual,Coupe,Diesel,Black,3,30151.3
Kia,Cerato,2019,8724,3.5,CVT,Sedan,Diesel,Black,5,48759.1
Nissan,Almera,2004,279311,1.6,Robot,Hatchback,Electric,White,4,30792.96
Ford,Focus,2018,218259,2.0,CVT,SUV,Diesel,Blue,5,38679.71
Nissan,X-Trail,2022,29533,1.2,Manual,Wagon,Electric,Black,5,53863.44
Ford,Focus,2001,147745,1.5,CVT,Sedan,Electric,Red,3,25763.19
Toyota,Corolla,2022,67009,1.2,Manual,Coupe,Petrol,Grey,5,43308.98
Nissan,Teana,2002,14281,1.5,Automatic,Coupe,Hybrid,Blue,2,39472.26
Toyota,Camry,2010,266401,2.0,Robot,Coupe,Petrol,Blue,3,31570.58
Audi,Q5,2003,163148,1.2,Robot,Coupe,Petrol,Brown,2,25403.76
BMW,3 Series,2000,198579,1.0,Robot,Sedan,Petrol,Red,4,19495.3
Honda,CR-V,2015,143775,1.0,Robot,Wagon,Petrol,Brown,5,32748.79
Kia,Rio,2015,108177,1.8,CVT,Hatchback,Petrol,Grey,2,40589.37
Ford,Mondeo,2010,148530,2.2,CVT,Sedan,Electric,Silver,2,41335.77
Toyota,RAV4,2004,140111,5.0,Automatic,Hatchback,Electric,Silver,5,44060.54
Nissan,Teana,2004,130223,1.6,Automatic,Wagon,Hybrid,Red,2,35448.63
Kia,Rio,2023,183403,1.0,Robot,Wagon,Electric,Brown,3,44229.7
Kia,Rio,2016,158352,1.5,Automatic,SUV,Hybrid,Silver,4,46767.28
Nissan,Teana,2003,174224,1.0,Robot,Coupe,Electric,Red,4,27952.64
BMW,X3,2023,174563,1.4,Robot,SUV,Hybrid,Green,3,49195.55
Hyundai,Tucson,2001,10663,2.4,Manual,Wagon,Electric,Grey,2,40006.78
Mercedes,E-Class,2003,49334,1.6,Manual,Coupe,Hybrid,Black,5,44243.85
Honda,Accord,2009,289169,4.0,Automatic,Hatchback,Hybrid,Green,2,33652.55
Toyota,Camry,2017,79244,2.4,Robot,Hatchback,Electric,White,3,54496.98
Hyundai,Tucson,2019,218126,1.4,Automatic,Sedan,Hybrid,Brown,4,27083.12
Nissan,Patrol,2014,32780,2.2,Robot,Wagon,Hybrid,Red,3,48740.08
Kia,Cerato,2012,58528,2.2,Robot,SUV,Electric,Brown,4,50735.46
Honda,Civic,2019,275087,1.4,Manual,Coupe,Diesel,Brown,5,33288.62
Toyota,Camry,2016,68531,2.5,Manual,Wagon,Electric,Blue,5,57426.2
Ford,Mondeo,2008,56790,1.0,Manual,Wagon,Electric,White,3,44804.72
Hyundai,Tucson,2002,162495,2.4,CVT,Sedan,Petrol,Blue,5,27589.54
BMW,X5,2003,183786,3.0,CVT,Hatchback,Hybrid,Brown,4,41623.24
BMW,X3,2011,126259,1.8,CVT,Coupe,Electric,Red,3,44436.49
Audi,Q5,2004,205103,4.0,Automatic,Hatchback,Electric,Silver,4,41058.56
Ford,Mondeo,2005,209944,4.0,Robot,Coupe,Diesel,Green,2,29159.76
Hyundai,Tucson,2007,288727,1.2,CVT,Sedan,Petrol,Brown,5,19939.19
Audi,Q7,2009,173420,5.0,Automatic,Hatchback,Diesel,Grey,5,51160.78
Toyota,Corolla,2020,124541,1.5,Robot,Sedan,Electric,Silver,2,43196.84
Volkswagen,Passat,2015,85666,1.6,Automatic,SUV,Electric,Red,2,48366.21
Nissan,Patrol,2001,233931,2.7,Manual,Coupe,Hybrid,Green,2,27997.63
Hyundai,Santa Fe,2011,240879,2.2,Manual,Coupe,Diesel,White,2,25782.88
Honda,Accord,2003,221578,1.0,Robot,Hatchback,Diesel,White,2,20148.28
Ford,Kuga,2019,115957,1.6,Manual,Wagon,Hybrid,Red,4,45916.1
Audi,A4,2006,241851,1.5,CVT,Coupe,Hybrid,Blue,4,32510.09
Volkswagen,Golf,2021,19283,2.0,CVT,Coupe,Petrol,Green,3,55154.6
BMW,X5,2008,173806,2.5,Automatic,Wagon,Petrol,Green,4,32534.88
Kia,Rio,2010,75656,2.0,CVT,Coupe,Diesel,Black,3,40175.67
Volkswagen,Touareg,2017,251518,1.6,Manual,Wagon,Hybrid,Red,4,42382.08
Honda,CR-V,2000,242941,2.2,Manual,Wagon,Hybrid,Blue,4,21393.78
Volkswagen,Touareg,2011,117771,1.4,Automatic,Hatchback,Hybrid,Black,5,40892.33
BMW,5 Series,2010,121315,1.0,Robot,SUV,Petrol,Black,2,37290.61
Hyundai,Elantra,2002,157833,1.5,Manual,SUV,Electric,White,5,32828.97
Nissan,Teana,2004,64482,2.4,CVT,SUV,Petrol,Black,4,32368.2
BMW,5 Series,2023,170981,2.0,Manual,Hatchback,Petrol,Green,3,48941.61
Hyundai,Elantra,2017,152904,3.5,Robot,Hatchback,Petrol,Green,2,37667.73
Ford,Mondeo,2017,259554,3.5,Robot,SUV,Petrol,Blue,2,43376.89
Kia,Cerato,2005,173602,1.2,Manual,SUV,Petrol,White,4,29918.11
Nissan,Almera,2003,16148,1.2,Robot,Hatchback,Petrol,Red,5,36923.24
Honda,Accord,2000,168276,2.5,Manual,Wagon,Diesel,Green,5,21831.04
Ford,Mondeo,2006,13944,1.2,Manual,Hatchback,Electric,Brown,4,46817.55
Mercedes,E-Class,2010,273298,2.0,Robot,Hatchback,Hybrid,Grey,3,36992.23
Audi,Q5,2020,45111,4.0,Automatic,Wagon,Petrol,Black,3,64654.11
Nissan,Almera,2000,128993,1.4,Manual,Coupe,Diesel,Black,5,22789.53
Honda,Accord,2020,122304,1.4,Manual,Sedan,Diesel,Brown,2,42925.52
Volkswagen,Golf,2007,58900,2.0,CVT,SUV,Electric,White,5,51205.31
Honda,CR-V,2014,145749,1.2,Automatic,Hatchback,Petrol,Green,4,32629.49
Mercedes,C-Class,2015,65231,1.8,Manual,Wagon,Petrol,Red,3,44081.23
Honda,Accord,2006,97847,5.0,Automatic,Sedan,Diesel,Silver,2,33606.27
Ford,Kuga,2000,283527,5.0,Robot,Coupe,Diesel,Red,4,26035.83
Audi,A6,2004,216112,1.4,CVT,Sedan,Petrol,Green,2,27992.22
Hyundai,Santa Fe,2000,228356,3.0,Manual,Sedan,Hybrid,Green,2,25898.62
Kia,Cerato,2018,217715,1.0,CVT,Hatchback,Hybrid,Silver,4,33313.11
Honda,Accord,2014,71641,1.0,Automatic,Sedan,Diesel,Red,4,42124.48
Kia,Cerato,2017,286656,4.0,Robot,SUV,Petrol,Green,5,38118.99
Toyota,Corolla,2008,283531,3.5,Manual,SUV,Electric,Blue,3,39915.44
Kia,Rio,2010,170307,4.0,Automatic,Coupe,Petrol,Black,5,36214.97
Kia,Sorento,2023,77952,5.0,CVT,Sedan,Hybrid,Brown,4,55667.05
Kia,Sportage,2000,70246,1.6,Manual,Sedan,Electric,Red,3,36441.81
Ford,Focus,2011,163024,1.6,CVT,Hatchback,Hybrid,Green,5,33158.24
Mercedes,C-Class,2011,112192,1.0,Automatic,Hatchback,Hybrid,Black,2,38136.25
Hyundai,Elantra,2000,2118,2.2,Manual,SUV,Electric,Green,5,49860.72
BMW,5 Series,2014,19874,1.5,Robot,Wagon,Hybrid,Grey,5,59897.19
Volkswagen,Passat,2002,86217,2.5,Manual,Coupe,Electric,Black,3,42569.65
BMW,X5,2014,120026,1.2,CVT,SUV,Electric,Brown,2,51427.47
Volkswagen,Tiguan,2011,278369,2.7,Robot,Sedan,Electric,Grey,2,41292.2
Audi,A6,2007,160262,1.8,Automatic,Coupe,Electric,Green,2,36151.25
Audi,Q5,2014,286801,2.4,Robot,Coupe,Diesel,Red,5,38095.76
Ford,Mondeo,2018,250495,2.0,Automatic,Coupe,Petrol,Green,2,33488.2
Toyota,RAV4,2023,28390,1.2,CVT,SUV,Hybrid,Blue,2,57839.37
Hyundai,Solaris,2022,66770,1.0,Manual,SUV,Diesel,Brown,2,49063.13
Kia,Sorento,2008,49393,2.0,CVT,Sedan,Hybrid,Red,2,38674.38
Nissan,Teana,2006,8734,1.5,Automatic,SUV,Diesel,Brown,3,40165.42
Kia,Sorento,2019,181374,2.4,Robot,Wagon,Hybrid,Black,5,35634.61
Toyota,Corolla,2008,256492,5.0,Robot,SUV,Petrol,Blue,2,37735.62
Kia,Sportage,2019,159429,1.0,Manual,Hatchback,Diesel,White,5,35755.03
Volkswagen,Passat,2023,270896,3.0,Manual,Sedan,Electric,Grey,5,51561.36
BMW,X3,2016,26520,2.5,Robot,Sedan,Hybrid,Brown,2,68415.61
Hyundai,Solaris,2004,14718,4.0,Automatic,Coupe,Petrol,Silver,4,35508.21
Mercedes,GLC,2018,111145,1.6,CVT,SUV,Hybrid,Blue,5,50627.5
BMW,X3,2011,279677,5.0,Robot,Hatchback,Petrol,Silver,5,42553.68
Toyota,Camry,2012,83460,2.4,Robot,Coupe,Electric,Silver,3,42994.98
Toyota,Camry,2004,97275,1.0,CVT,Hatchback,Diesel,Silver,5,27835.57
Mercedes,GLE,2014,108263,2.2,Automatic,Coupe,Diesel,Grey,3,51787.46
Mercedes,GLC,2012,149712,5.0,Robot,Sedan,Diesel,Grey,2,44153.74
Mercedes,GLC,2005,147349,3.0,Manual,Hatchback,Electric,Silver,5,33567.1
Mercedes,E-Class,2000,245821,1.2,Automatic,SUV,Petrol,Green,4,24679.11
Volkswagen,Passat,2021,287744,1.4,CVT,Wagon,Electric,Grey,4,46677.96
Kia,Cerato,2017,112168,1.4,Automatic,Wagon,Petrol,White,4,30808.6
Honda,CR-V,2021,156049,1.2,Robot,Wagon,Electric,Silver,5,40286.75
Ford,Mondeo,2002,183321,2.4,Manual,Coupe,Diesel,Silver,5,23505.66
Volkswagen,Touareg,2022,1299,1.2,Manual,Wagon,Petrol,Blue,3,44140.56
Ford,Focus,2001,115637,2.0,Automatic,SUV,Petrol,Red,2,28131.42
BMW,5 Series,2004,258750,2.0,CVT,Coupe,Electric,Black,2,34404.3
Ford,Kuga,2003,149820,5.0,Automatic,SUV,Hybrid,Blue,5,41854.99
Ford,Mondeo,2020,41646,4.0,CVT,Sedan,Electric,Blue,2,58911.92
Nissan,X-Trail,2015,76620,1.5,Manual,Coupe,Petrol,Brown,4,40510.12
Volkswagen,Passat,2005,119133,2.5,Manual,Coupe,Petrol,Blue,2,35017.2
Hyundai,Tucson,2019,162550,2.2,Robot,Sedan,Petrol,Silver,4,40636.72
Volkswagen,Passat,2010,255908,2.4,Manual,SUV,Hybrid,Red,4,43077.11
Honda,Accord,2022,220979,4.0,Automatic,Coupe,Petrol,Green,3,42845.94
BMW,X5,2008,250186,3.5,Manual,SUV,Electric,Silver,3,47120.59
Audi,Q5,2004,75503,2.4,CVT,Wagon,Electric,Grey,3,42510.34
Hyundai,Elantra,2023,176535,3.5,CVT,Coupe,Electric,Silver,3,47289.24
Nissan,Teana,2017,118278,1.8,Robot,Wagon,Petrol,Brown,4,27926.55
Mercedes,GLE,2009,2056,2.2,CVT,Sedan,Petrol,White,5,38705.06
Volkswagen,Touareg,2010,132701,2.2,Automatic,Sedan,Electric,Black,2,38946.76
Mercedes,C-Class,2006,271767,2.4,Robot,Wagon,Diesel,Black,2,33763.5
Mercedes,GLE,2002,81443,1.8,CVT,Sedan,Diesel,White,2,43333.88
Hyundai,Elantra,2010,220767,3.5,Robot,Wagon,Hybrid,Grey,2,36753.95
Nissan,X-Trail,2023,138470,1.6,Manual,Sedan,Diesel,Black,3,38717.61
Toyota,Corolla,2020,228273,1.2,Manual,Hatchback,Electric,Grey,2,37649.53
Ford,Focus,2000,3934,1.2,CVT,Wagon,Hybrid,White,2,29473.45
Honda,CR-V,2002,85997,2.0,Robot,Coupe,Electric,Silver,2,37779.58
Volkswagen,Touareg,2005,99248,3.5,Automatic,Sedan,Hybrid,Blue,3,41769.83
Audi,Q7,2001,111115,1.4,Automatic,Coupe,Petrol,Black,3,28514.85
BMW,X5,2014,59790,3.5,Automatic,Sedan,Electric,Red,5,67437.39
BMW,5 Series,2009,235237,3.0,Manual,Sedan,Diesel,Grey,2,39085.89
Mercedes,GLE,2018,51986,2.4,Robot,SUV,Diesel,Brown,2,53191.69
Honda,CR-V,2007,240346,2.7,Robot,Hatchback,Hybrid,Green,2,31506.39
Nissan,Teana,2016,217850,1.4,Manual,Sedan,Electric,Green,5,37844.02
Kia,Rio,2003,55535,2.4,Manual,SUV,Petrol,Silver,3,33053.18
Honda,Civic,2009,124225,2.2,CVT,SUV,Hybrid,Brown,4,37826.49
BMW,5 Series,2014,88567,1.6,CVT,Coupe,Hybrid,Silver,5,45746.78
Ford,Mondeo,2013,141180,1.0,Automatic,Sedan,Petrol,Red,3,27540.03
Ford,Mondeo,2003,299904,5.0,CVT,Sedan,Hybrid,White,5,35028.88
BMW,X3,2004,174980,1.5,Manual,Coupe,Electric,Red,3,38232.83
Toyota,Corolla,2003,266404,3.5,Manual,Coupe,Electric,Grey,5,42164.95
Hyundai,Tucson,2011,299136,2.0,Manual,Hatchback,Hybrid,Green,2,27187.72
Volkswagen,Passat,2010,128476,1.2,Automatic,Hatchback,Petrol,Red,4,31181.09
Ford,Focus,2023,31449,1.8,CVT,Coupe,Electric,Green,5,57661.11
Toyota,RAV4,2013,277306,1.4,Automatic,Wagon,Diesel,Red,2,27996.77
Toyota,Camry,2020,119558,1.0,Manual,SUV,Diesel,White,2,51196.61
BMW,5 Series,2000,270311,1.0,Manual,Coupe,Diesel,Brown,3,23956.63
Ford,Kuga,2023,233573,2.7,Automatic,SUV,Diesel,Blue,5,39875.44
Mercedes,C-Class,2004,81782,1.6,Automatic,Wagon,Petrol,Red,4,37212.18
Nissan,Teana,2022,6800,4.0,Robot,Wagon,Petrol,Green,5,51264.58
Mercedes,E-Class,2003,132030,2.5,CVT,Wagon,Petrol,Silver,3,32960.96
Mercedes,GLC,2002,205,1.2,CVT,SUV,Petrol,Grey,3,44161.63
Kia,Sorento,2014,180402,2.2,Manual,Coupe,Petrol,Green,2,35877.41
Honda,Accord,2000,215290,5.0,CVT,Wagon,Petrol,Silver,4,24037.71
Ford,Kuga,2016,76693,3.5,Robot,Coupe,Petrol,Black,4,43180.74
Hyundai,Santa Fe,2019,247943,1.6,Manual,SUV,Petrol,Silver,4,39348.43
Kia,Rio,2000,111264,2.5,Robot,Wagon,Hybrid,Green,2,33613.11
Toyota,Land Cruiser,2011,21134,1.2,Automatic,Wagon,Electric,Black,3,43400.66
Honda,Civic,2009,32264,5.0,Automatic,SUV,Petrol,Silver,2,64932.4
Nissan,Teana,2022,57755,1.8,Robot,Wagon,Hybrid,Black,5,56126.85
Mercedes,E-Class,2020,280356,5.0,CVT,Hatchback,Electric,White,5,57896.4
Ford,Focus,2023,211177,2.4,Automatic,Wagon,Petrol,Brown,5,34773.21
Kia,Cerato,2002,121822,1.4,CVT,Coupe,Hybrid,Blue,3,24926.04
Audi,A6,2020,119233,4.0,CVT,Wagon,Electric,Red,4,64208.46
Ford,Kuga,2017,76794,3.0,Automatic,SUV,Petrol,Red,5,38530.86
Nissan,Patrol,2005,141019,2.4,CVT,Wagon,Petrol,White,3,26926.0
BMW,3 Series,2001,178810,3.5,Robot,Coupe,Electric,Grey,2,40111.45
Ford,Mondeo,2014,273072,2.5,CVT,Wagon,Diesel,White,4,30659.06
Honda,CR-V,2022,52414,1.4,Automatic,Coupe,Hybrid,Green,2,54017.84
Toyota,Corolla,2021,285069,3.0,Manual,Coupe,Electric,Red,3,50324.01
Honda,CR-V,2019,138621,2.4,CVT,Wagon,Diesel,White,2,37391.0
Mercedes,GLE,2002,5833,4.0,CVT,SUV,Petrol,Grey,2,51978.52
Mercedes,GLE,2012,3487,2.4,CVT,Hatchback,Hybrid,Grey,5,57559.92
Nissan,Patrol,2021,255938,2.7,Manual,Hatchback,Electric,Brown,2,53141.28
Mercedes,E-Class,2012,85227,1.6,Manual,Sedan,Diesel,Silver,4,48690.55
Volkswagen,Tiguan,2019,43199,1.6,Automatic,Hatchback,Diesel,Silver,4,48759.9
Volkswagen,Tiguan,2011,195647,2.5,Automatic,Sedan,Hybrid,Black,2,42524.75
Toyota,Land Cruiser,2005,13448,5.0,CVT,Sedan,Hybrid,Brown,2,61452.66
Toyota,Land Cruiser,2022,26547,2.4,Robot,Coupe,Electric,Green,2,54711.05
Kia,Cerato,2005,21673,4.0,Manual,Hatchback,Petrol,Green,5,40774.29
Ford,Kuga,2003,72468,2.4,Automatic,Hatchback,Hybrid,Blue,5,33801.71
Hyundai,Santa Fe,2008,265620,1.2,CVT,SUV,Hybrid,Grey,5,27219.23
Kia,Rio,2023,203195,1.2,Robot,Coupe,Hybrid,Green,3,46718.55
Honda,Accord,2002,66141,2.2,Robot,Wagon,Diesel,Silver,3,37755.66
BMW,5 Series,2021,45957,1.0,CVT,Wagon,Diesel,Red,5,50581.24
BMW,3 Series,2023,259073,2.4,Manual,Coupe,Hybrid,Blue,5,56925.33
Audi,Q5,2016,229919,3.5,Automatic,Sedan,Hybrid,Red,4,45512.44
BMW,X3,2012,237644,1.0,Manual,Coupe,Diesel,Silver,3,40857.09
Mercedes,C-Class,2013,112265,2.2,CVT,SUV,Hybrid,Green,4,43638.54
Nissan,X-Trail,2001,215886,2.4,CVT,Sedan,Diesel,Green,5,22539.64
Ford,Kuga,2020,199933,2.5,Robot,Hatchback,Diesel,Blue,4,31969.27
Toyota,Camry,2003,39916,1.4,Robot,SUV,Petrol,Brown,4,27356.44
Mercedes,E-Class,2001,131960,2.0,Robot,Sedan,Electric,Green,4,38460.45
Mercedes,GLE,2004,272094,1.8,Automatic,Hatchback,Hybrid,Black,3,32986.18
Hyundai,Santa Fe,2006,165426,2.5,Manual,Coupe,Electric,Blue,4,31830.36
Nissan,Teana,2001,244841,3.5,Automatic,SUV,Petrol,Silver,2,25607.25
Hyundai,Elantra,2004,292002,1.4,CVT,Coupe,Petrol,Grey,3,21505.46
Volkswagen,Passat,2021,5704,1.0,Robot,Hatchback,Petrol,Blue,2,45289.93
BMW,X5,2005,158349,5.0,Automatic,SUV,Hybrid,White,3,51975.55
Volkswagen,Golf,2015,83187,5.0,Automatic,Sedan,Hybrid,Silver,2,60463.82
Mercedes,E-Class,2000,44870,2.5,CVT,SUV,Electric,Red,3,40967.13
Ford,Mondeo,2012,169299,2.5,CVT,Sedan,Petrol,White,5,25753.41
BMW,5 Series,2001,287502,1.0,Robot,Wagon,Petrol,Brown,3,21436.65
Nissan,Teana,2009,86728,3.0,Robot,SUV,Petrol,Grey,5,37825.85
Ford,Mondeo,2020,226089,1.2,Automatic,Sedan,Hybrid,Black,3,38310.05
Hyundai,Santa Fe,2016,134556,1.5,Automatic,Wagon,Hybrid,White,2,37661.01
Toyota,Camry,2007,267524,2.7,CVT,Coupe,Electric,Brown,2,35757.64
Volkswagen,Tiguan,2006,92551,2.2,CVT,SUV,Hybrid,Black,3,36071.85
Honda,Civic,2003,36894,1.8,CVT,SUV,Hybrid,Silver,2,39056.11
Nissan,Patrol,2013,40285,3.0,Automatic,Sedan,Hybrid,Brown,4,44020.48
Nissan,Teana,2003,49948,1.8,CVT,Coupe,Petrol,White,3,36307.08
Mercedes,C-Class,2019,99405,3.5,Automatic,Coupe,Electric,Green,4,60005.16
BMW,X5,2002,202957,2.5,Manual,Coupe,Electric,White,4,43065.79
Ford,Mondeo,2020,150025,2.4,Manual,Sedan,Petrol,Brown,4,42963.21
Honda,Civic,2010,63805,1.5,Manual,Coupe,Electric,Brown,2,39626.24
Audi,Q7,2000,118105,2.2,CVT,Hatchback,Petrol,Green,2,30742.61
Kia,Cerato,2008,242634,2.4,Automatic,Coupe,Diesel,Grey,3,30814.85
BMW,5 Series,2002,79098,2.4,CVT,Hatchback,Electric,Red,5,41397.55
Hyundai,Elantra,2016,286400,3.5,Manual,Hatchback,Petrol,Brown,5,31053.28
Kia,Cerato,2005,130145,2.7,Manual,Sedan,Petrol,Brown,5,24002.19
BMW,5 Series,2016,225743,1.5,Automatic,Hatchback,Petrol,Silver,4,41895.9
Audi,Q7,2016,238350,2.4,Automatic,Wagon,Petrol,Green,3,36527.53
Nissan,Almera,2012,100353,1.5,Robot,Coupe,Electric,Blue,5,46142.53
Volkswagen,Passat,2007,281775,3.5,CVT,Coupe,Diesel,Grey,3,32722.46
Hyundai,Elantra,2014,203664,2.0,Automatic,Coupe,Hybrid,Blue,2,34664.89
Honda,Accord,2009,16713,1.8,CVT,Wagon,Petrol,Silver,2,33712.42
Audi,A6,2001,86366,2.0,CVT,Sedan,Electric,Blue,5,43545.99
BMW,3 Series,2009,117136,1.2,Robot,Sedan,Diesel,Grey,4,40330.36
Mercedes,GLC,2000,108024,1.2,CVT,Sedan,Hybrid,Red,5,30148.17
BMW,3 Series,2020,113389,1.5,Manual,Sedan,Petrol,Blue,3,46754.68
Audi,A6,2008,188338,1.6,CVT,Coupe,Electric,Blue,3,38338.09
Mercedes,GLC,2017,157044,2.5,Manual,Wagon,Diesel,Black,4,48029.46
Hyundai,Solaris,2014,280199,1.6,Manual,Sedan,Petrol,Silver,5,33163.53
Honda,Accord,2008,51884,1.4,Automatic,Hatchback,Petrol,Silver,2,30586.69
Hyundai,Tucson,2020,247117,5.0,Automatic,Hatchback,Petrol,Grey,5,45098.08
Ford,Kuga,2010,150348,5.0,Automatic,SUV,Electric,Brown,5,53911.16
BMW,3 Series,2002,265549,1.6,CVT,Sedan,Diesel,Black,5,22568.88
Mercedes,C-Class,2001,104447,4.0,CVT,Coupe,Hybrid,Grey,2,44332.41
Audi,A4,2003,9297,1.8,Automatic,SUV,Diesel,Brown,4,35836.0
BMW,5 Series,2005,213058,1.0,Robot,SUV,Diesel,Brown,4,30248.26
Honda,CR-V,2008,33539,2.4,Manual,Wagon,Diesel,Black,5,42186.29
Audi,Q5,2002,148673,2.2,CVT,Sedan,Electric,Silver,5,41428.66
Honda,Accord,2021,65958,3.0,Automatic,Hatchback,Electric,Silver,4,66540.56
Mercedes,C-Class,2022,222424,5.0,CVT,Hatchback,Electric,Silver,2,54398.2
BMW,5 Series,2005,198831,2.5,Manual,Sedan,Hybrid,Grey,4,32313.07
Nissan,Patrol,2018,297535,3.0,CVT,Wagon,Diesel,Blue,2,30765.28
Nissan,Almera,2006,133021,1.6,Manual,Hatchback,Hybrid,Green,2,26464.28
Volkswagen,Tiguan,2017,139769,2.4,Automatic,Hatchback,Electric,Black,4,45218.94
Mercedes,C-Class,2015,127872,1.4,Automatic,SUV,Diesel,Brown,2,47624.88
Toyota,Land Cruiser,2017,53326,1.8,Manual,SUV,Hybrid,Blue,5,59530.36
Hyundai,Elantra,2019,237464,1.6,Automatic,Coupe,Diesel,Grey,4,39258.65
Ford,Kuga,2016,33427,1.8,CVT,Wagon,Diesel,Brown,4,37523.2
Ford,Kuga,2011,220967,1.4,Automatic,Wagon,Diesel,Brown,5,28594.11
Hyundai,Solaris,2014,176609,1.5,Automatic,Hatchback,Diesel,White,5,28651.15
Ford,Focus,2008,48245,1.8,CVT,SUV,Electric,Blue,4,39782.07
Nissan,X-Trail,2005,223872,2.2,Robot,Sedan,Diesel,White,4,28310.44
Honda,CR-V,2008,22970,2.2,Manual,SUV,Hybrid,Black,2,42098.26
Toyota,Land Cruiser,2007,3760,1.6,Robot,Wagon,Diesel,Green,2,43027.0
Ford,Mondeo,2023,144151,2.2,Robot,Wagon,Hybrid,Brown,3,47284.47
Kia,Sportage,2021,97812,5.0,Robot,Wagon,Electric,Blue,4,52859.97
Audi,Q5,2012,279374,1.8,Robot,SUV,Electric,Black,5,48513.79
Honda,CR-V,2001,146509,2.2,Robot,Coupe,Diesel,White,2,29438.8
Hyundai,Solaris,2015,35094,2.7,CVT,SUV,Hybrid,White,3,64224.0
Mercedes,E-Class,2009,194473,2.5,CVT,Wagon,Diesel,Black,4,36548.05
Audi,A6,2006,22152,1.4,Automatic,Sedan,Diesel,Grey,3,41450.01
Nissan,Teana,2012,204685,2.4,CVT,Hatchback,Diesel,Silver,2,30388.69
Honda,Civic,2004,241201,2.0,Automatic,Coupe,Electric,Green,5,31316.8
Nissan,X-Trail,2000,46235,1.0,Automatic,Hatchback,Diesel,Silver,4,27256.58
Audi,Q5,2014,244187,1.0,CVT,SUV,Diesel,Green,5,37999.52
Honda,CR-V,2014,50094,2.2,Automatic,SUV,Diesel,Green,5,40890.16
Volkswagen,Touareg,2007,297850,1.5,Automatic,SUV,Diesel,Brown,3,25391.66
Toyota,Land Cruiser,2020,51500,1.8,Robot,Wagon,Petrol,Red,5,42564.37
Hyundai,Solaris,2013,49314,1.0,Automatic,Hatchback,Petrol,Red,5,33579.01
Hyundai,Elantra,2010,132001,2.0,Manual,Coupe,Petrol,White,4,31194.31
Mercedes,GLE,2012,114527,2.7,Automatic,Hatchback,Electric,Black,4,47886.1
Volkswagen,Golf,2010,22769,2.5,CVT,Hatchback,Diesel,Grey,2,43242.37
Toyota,RAV4,2020,223720,1.2,Manual,Sedan,Electric,Black,3,36855.98
Audi,Q7,2007,186502,3.5,Manual,Sedan,Electric,Black,3,39899.86
Honda,Civic,2016,232647,1.5,CVT,Sedan,Diesel,Silver,4,28804.58
Volkswagen,Passat,2023,131765,1.2,Automatic,Sedan,Petrol,Green,2,41944.32
Toyota,Camry,2011,158264,1.2,CVT,Wagon,Petrol,Black,5,27061.64
Mercedes,E-Class,2013,28273,1.2,Automatic,SUV,Petrol,White,5,49730.87
Kia,Cerato,2013,189807,2.7,Automatic,Hatchback,Electric,Brown,5,40271.77
BMW,5 Series,2015,92776,5.0,Automatic,Hatchback,Electric,Grey,3,58867.93
Mercedes,C-Class,2015,248155,1.6,Robot,Hatchback,Electric,Silver,3,48565.02
BMW,5 Series,2022,204318,1.0,CVT,Wagon,Petrol,White,3,45455.04
Kia,Sorento,2018,269432,1.4,Robot,Wagon,Hybrid,Green,2,30320.52
Honda,CR-V,2018,142207,1.6,Automatic,Coupe,Electric,Brown,4,46152.49
Audi,Q5,2008,134035,1.0,Robot,SUV,Diesel,Red,5,37506.84
BMW,X3,2004,169180,2.2,Automatic,SUV,Hybrid,Brown,2,37780.4
Volkswagen,Touareg,2014,82124,1.0,Automatic,SUV,Petrol,Blue,5,40041.89
Toyota,RAV4,2010,54203,1.4,Robot,Wagon,Hybrid,Green,5,41810.5
Toyota,Camry,2008,153033,1.5,Automatic,Hatchback,Petrol,White,3,25972.75
Kia,Sorento,2003,267983,1.0,CVT,SUV,Electric,Black,5,25293.38
Honda,Civic,2023,61852,3.5,Robot,Hatchback,Electric,Silver,3,56607.94
Kia,Sorento,2018,219559,1.2,CVT,Sedan,Diesel,Silver,3,31695.37
Volkswagen,Touareg,2016,189053,1.6,Manual,Coupe,Electric,Green,5,37347.87
Volkswagen,Tiguan,2001,38769,3.5,Automatic,Coupe,Electric,Green,2,46508.56
Kia,Sportage,2001,287551,2.4,Robot,Sedan,Diesel,Blue,4,21329.44
Audi,Q5,2001,268044,4.0,Manual,Hatchback,Diesel,Blue,5,31439.06
Mercedes,C-Class,2015,66794,5.0,CVT,SUV,Electric,White,2,70267.36
Hyundai,Solaris,2008,277972,2.4,Manual,Sedan,Diesel,Brown,4,30399.45
Nissan,Patrol,2019,284171,1.0,Automatic,Wagon,Hybrid,Silver,3,33098.06
Audi,A4,2017,188635,1.4,CVT,Hatchback,Hybrid,Grey,3,38669.67
Volkswagen,Tiguan,2000,161340,2.7,Automatic,Hatchback,Hybrid,Brown,2,30662.79
Hyundai,Santa Fe,2001,159574,2.4,CVT,SUV,Hybrid,Green,5,31540.64
BMW,X3,2003,200180,5.0,CVT,Wagon,Petrol,Black,3,33233.85
Kia,Cerato,2007,97547,1.8,Automatic,SUV,Hybrid,Silver,3,44375.61
Volkswagen,Tiguan,2012,91851,1.4,Automatic,Coupe,Petrol,Green,3,36666.96
Toyota,Corolla,2005,249128,2.5,CVT,Sedan,Hybrid,Red,4,30410.72
Audi,A4,2018,278427,2.5,Manual,Hatchback,Hybrid,Red,2,42894.98
BMW,X5,2000,297705,1.4,Manual,Sedan,Hybrid,Black,3,29454.34
Volkswagen,Golf,2004,207977,1.2,Manual,Sedan,Petrol,Black,2,17625.34
Nissan,Almera,2021,42362,2.4,Automatic,SUV,Hybrid,Grey,2,57939.26
Audi,A6,2014,40868,2.2,Manual,Sedan,Petrol,Green,4,44227.33
Volkswagen,Golf,2013,294676,4.0,Manual,Sedan,Electric,Black,4,31315.75
Hyundai,Solaris,2017,148055,2.7,Manual,Sedan,Diesel,Brown,5,45369.73
Audi,Q7,2001,106446,1.6,Robot,Hatchback,Petrol,Green,5,27207.81
BMW,5 Series,2019,189469,2.2,Manual,SUV,Diesel,Black,3,47180.85
Volkswagen,Golf,2012,249708,1.0,Automatic,Sedan,Petrol,Grey,5,22995.15
Hyundai,Santa Fe,2013,239282,2.7,Robot,Coupe,Electric,Brown,2,32212.72
Kia,Sorento,2001,163405,3.5,Robot,Hatchback,Electric,Grey,5,37256.61
Ford,Focus,2017,167570,4.0,Manual,Wagon,Hybrid,Grey,2,41047.25
Mercedes,GLE,2021,12453,1.0,Automatic,SUV,Petrol,Red,3,57206.38
BMW,3 Series,2014,202222,1.5,CVT,Wagon,Electric,Green,3,41471.83
Kia,Rio,2014,141220,3.5,Robot,Sedan,Diesel,White,3,34761.43
Nissan,Almera,2021,23119,1.8,Automatic,Wagon,Hybrid,Red,5,39467.57
Honda,Accord,2004,28634,2.4,CVT,SUV,Hybrid,Blue,4,43279.99
BMW,3 Series,2018,45955,2.5,CVT,Sedan,Hybrid,Green,4,56804.26
Honda,Accord,2018,249406,1.5,Robot,Coupe,Diesel,Silver,2,32887.48
Toyota,RAV4,2009,98991,2.2,Manual,Wagon,Electric,Green,4,44844.44
Volkswagen,Tiguan,2008,72427,2.5,CVT,Coupe,Petrol,Red,2,37850.76
Mercedes,GLE,2010,257575,1.8,Manual,Hatchback,Diesel,Green,4,32950.42
Mercedes,GLC,2023,51052,1.5,Manual,SUV,Hybrid,White,3,70547.28
BMW,X3,2002,288032,1.5,Automatic,Sedan,Diesel,Blue,2,26476.32
Hyundai,Tucson,2016,63627,4.0,Automatic,Hatchback,Diesel,Grey,3,52777.33
Kia,Cerato,2022,13162,3.0,Automatic,Sedan,Electric,Silver,3,59842.11
Volkswagen,Passat,2002,59090,1.5,Manual,SUV,Petrol,Brown,2,37558.49
Ford,Kuga,2013,24248,1.4,CVT,Hatchback,Diesel,White,2,39537.65
Volkswagen,Passat,2023,270248,5.0,CVT,Coupe,Diesel,Red,4,52221.48
Mercedes,E-Class,2007,247605,3.5,CVT,Wagon,Hybrid,Grey,5,46587.83
Volkswagen,Touareg,2008,29602,2.2,CVT,Wagon,Diesel,Blue,4,40997.65
Nissan,X-Trail,2023,39278,2.2,Robot,Wagon,Diesel,Grey,3,43920.66
Honda,Civic,2006,237031,2.0,Robot,SUV,Diesel,Grey,2,25410.7
Ford,Kuga,2012,415,2.5,Manual,Wagon,Diesel,Blue,2,48664.7
Ford,Focus,2000,176371,2.0,Automatic,SUV,Hybrid,Brown,4,29166.35
Mercedes,GLE,2018,38912,2.4,Manual,Hatchback,Diesel,Brown,4,61583.97
Toyota,Corolla,2006,297909,5.0,CVT,Hatchback,Petrol,Red,5,34065.23
Audi,Q5,2016,9529,1.6,CVT,SUV,Diesel,White,3,58074.96
Honda,Accord,2014,183564,3.5,Robot,SUV,Electric,Red,3,48008.97
Kia,Rio,2008,186845,2.2,CVT,SUV,Diesel,Grey,4,32721.61
Mercedes,GLE,2009,102012,1.5,Automatic,Coupe,Diesel,Blue,5,41849.98
Toyota,Land Cruiser,2012,16375,2.2,Automatic,Hatchback,Hybrid,Black,2,47290.88
Ford,Kuga,2000,120270,1.4,Automatic,Sedan,Electric,Red,5,24658.76
Mercedes,GLC,2015,46546,2.2,Manual,Wagon,Electric,Black,5,54878.08
Honda,Accord,2003,232686,3.5,Robot,Hatchback,Hybrid,Green,3,27526.13
Honda,Civic,2018,137662,2.4,CVT,Sedan,Electric,Brown,5,50504.68
Nissan,Teana,2014,266744,1.4,Robot,SUV,Hybrid,Grey,2,37387.56
Hyundai,Solaris,2006,124581,4.0,Automatic,Coupe,Diesel,Silver,4,38098.69
Mercedes,C-Class,2008,27410,2.0,Robot,Coupe,Hybrid,Black,5,55056.43
Kia,Rio,2008,108546,1.8,Robot,SUV,Electric,Brown,5,42345.83
Ford,Kuga,2019,200280,3.5,CVT,Wagon,Electric,Brown,2,39494.71
Toyota,Camry,2005,94841,2.7,Manual,SUV,Diesel,Brown,2,41266.93
Ford,Mondeo,2015,260158,5.0,Robot,Sedan,Electric,Blue,4,44302.68
Kia,Rio,2004,16533,1.4,Automatic,Sedan,Petrol,Red,4,32873.73
Nissan,Teana,2020,13654,3.5,Robot,Wagon,Petrol,Silver,3,47955.44
Honda,Accord,2006,196006,1.4,Automatic,Sedan,Diesel,Silver,5,23526.69
BMW,X3,2010,130538,2.4,Robot,Hatchback,Hybrid,Blue,5,44442.26
Volkswagen,Golf,2002,49999,2.5,Robot,SUV,Diesel,Green,5,37860.92
Toyota,Corolla,2000,170010,2.0,CVT,Wagon,Petrol,Grey,3,24194.73
Honda,Civic,2021,120135,1.2,Manual,Coupe,Diesel,Silver,5,46587.27
Audi,A4,2022,72554,4.0,Automatic,Sedan,Hybrid,Silver,5,65949.08
Honda,Accord,2014,268116,1.0,Automatic,Hatchback,Hybrid,Grey,4,23367.21
BMW,3 Series,2010,228648,1.6,Manual,Sedan,Petrol,Red,2,34402.53
Volkswagen,Touareg,2001,18,2.7,Manual,Coupe,Petrol,White,3,37421.61
BMW,5 Series,2003,236847,2.0,Automatic,Coupe,Hybrid,White,4,36647.35
Toyota,Camry,2006,77318,2.2,CVT,Sedan,Hybrid,Green,2,34285.84
Toyota,RAV4,2005,178728,4.0,Automatic,Wagon,Diesel,Grey,3,29910.31
Hyundai,Solaris,2019,80501,1.6,Robot,SUV,Electric,Red,2,49726.62
Audi,A4,2021,83035,1.8,CVT,SUV,Petrol,Grey,2,60595.49
Toyota,Camry,2008,74525,2.4,Manual,Coupe,Hybrid,Red,4,41724.86
Volkswagen,Passat,2015,214514,1.6,Robot,SUV,Diesel,Brown,5,38264.83
Honda,Civic,2008,78283,2.5,Automatic,Hatchback,Electric,Red,3,43093.36
Ford,Mondeo,2023,133271,1.6,Robot,Hatchback,Hybrid,Green,3,43859.93
Honda,Accord,2011,13894,2.4,Robot,Sedan,Diesel,White,3,49537.04
Mercedes,C-Class,2005,212718,3.0,Robot,Sedan,Petrol,Silver,3,31354.05
Ford,Mondeo,2020,169173,1.5,Manual,SUV,Electric,Red,3,43822.58
Kia,Rio,2005,211594,3.5,Robot,Hatchback,Hybrid,Grey,4,34350.86
Honda,CR-V,2020,235612,2.2,Automatic,SUV,Petrol,Grey,2,37880.91
Kia,Sportage,2016,81983,2.0,Automatic,Hatchback,Diesel,Silver,3,38299.13
Mercedes,C-Class,2014,264602,2.5,Robot,Coupe,Electric,Brown,3,50350.19
BMW,X5,2012,274507,1.4,Manual,Hatchback,Petrol,Brown,3,27606.85
Volkswagen,Touareg,2014,215692,1.6,Automatic,Wagon,Electric,Blue,4,41576.01
Ford,Mondeo,2013,103018,3.0,Automatic,Sedan,Electric,Blue,3,43598.88
Volkswagen,Passat,2021,149703,1.6,Manual,Hatchback,Petrol,Brown,3,32958.53
Audi,Q7,2015,222190,2.4,Automatic,Wagon,Electric,Blue,2,34238.35
Nissan,Almera,2000,285410,3.0,Robot,Coupe,Hybrid,Red,3,34493.36
Nissan,Patrol,2000,254799,1.5,Automatic,SUV,Hybrid,Black,3,24307.86
Toyota,RAV4,2009,119097,5.0,Automatic,Wagon,Electric,White,4,50511.82
Ford,Mondeo,2010,144121,2.5,Manual,SUV,Electric,Black,3,42378.47
Volkswagen,Touareg,2003,33178,2.2,Automatic,SUV,Diesel,Silver,3,41689.26
Ford,Kuga,2014,171140,2.2,Automatic,Coupe,Electric,Green,4,43805.16
Nissan,Patrol,2009,3582,4.0,Manual,Coupe,Petrol,White,2,41921.01
Mercedes,C-Class,2010,192811,1.4,Automatic,SUV,Petrol,Blue,4,43783.84
Hyundai,Elantra,2015,236641,2.2,CVT,Coupe,Hybrid,Blue,5,38766.47
Nissan,Teana,2015,237895,3.5,Robot,Sedan,Diesel,Green,3,45310.14
Honda,Civic,2008,146104,2.0,CVT,Coupe,Electric,Brown,4,43698.2
Volkswagen,Passat,2005,255152,2.4,Manual,Coupe,Diesel,Black,5,27238.83
Audi,A6,2022,218898,5.0,Robot,SUV,Petrol,Red,5,48845.86
Toyota,Land Cruiser,2011,29114,5.0,Robot,Coupe,Electric,Black,2,48145.28
Toyota,Corolla,2021,132019,1.8,Manual,SUV,Hybrid,Silver,2,48208.33
Honda,Accord,2019,204390,1.6,Automatic,Sedan,Diesel,Green,4,35647.4
Toyota,RAV4,2019,109955,3.5,Automatic,SUV,Hybrid,Blue,2,58826.37
Kia,Sorento,2007,109602,1.2,Manual,Wagon,Diesel,Blue,3,36595.49
Kia,Sportage,2008,225612,3.0,CVT,Wagon,Hybrid,Red,4,37259.47
Ford,Focus,2010,190664,2.0,Robot,Hatchback,Hybrid,Green,2,32605.72
Honda,Civic,2000,61321,2.0,Manual,Coupe,Diesel,Brown,5,27640.2
Mercedes,E-Class,2013,232842,1.4,CVT,Hatchback,Electric,Brown,2,33830.29
Honda,CR-V,2003,183643,2.4,Robot,Wagon,Electric,Blue,3,24697.94
Toyota,Land Cruiser,2019,165529,2.2,Robot,Hatchback,Diesel,Brown,2,37060.93
Honda,Civic,2022,84963,3.5,Robot,SUV,Hybrid,Black,4,65109.61
Honda,CR-V,2023,124750,1.0,Robot,Wagon,Hybrid,Brown,2,46702.82
Audi,Q5,2014,250927,2.7,Manual,SUV,Electric,Black,2,51865.02
Kia,Sorento,2021,50357,1.6,Manual,Coupe,Diesel,Green,2,45678.55
Hyundai,Elantra,2012,282287,1.6,Manual,Hatchback,Diesel,Silver,5,28080.3
Honda,Civic,2006,264349,1.4,CVT,Wagon,Hybrid,Brown,2,21303.82
Ford,Focus,2007,14620,1.5,Robot,Hatchback,Diesel,Grey,5,32123.97
Toyota,Land Cruiser,2020,83086,2.2,Automatic,Hatchback,Electric,Green,5,46846.62
Kia,Cerato,2012,289707,1.0,Robot,SUV,Diesel,Brown,5,27188.54
Nissan,Teana,2017,167820,3.5,Robot,Wagon,Electric,Grey,2,41430.12
Ford,Mondeo,2001,81583,1.0,Robot,Coupe,Electric,Red,5,32348.52
Nissan,X-Trail,2006,211270,1.2,Manual,Hatchback,Electric,Green,2,26227.8
Kia,Rio,2011,62679,1.8,CVT,Coupe,Hybrid,Brown,4,47749.55
Mercedes,C-Class,2013,145609,1.8,Automatic,Wagon,Electric,Silver,3,51334.47
Honda,Accord,2012,94877,1.2,Automatic,Wagon,Petrol,Blue,4,33637.67
Mercedes,GLC,2022,144654,1.0,Robot,Wagon,Electric,White,2,64346.11
Ford,Focus,2011,268451,4.0,Manual,Wagon,Hybrid,Blue,4,38583.49
Audi,A6,2023,186478,1.6,CVT,SUV,Diesel,Red,5,47546.0
Hyundai,Santa Fe,2014,73042,3.0,Robot,Sedan,Petrol,Blue,3,31509.01
Ford,Kuga,2004,291242,2.5,Manual,Wagon,Petrol,Green,4,24558.44
Nissan,Patrol,2001,171481,3.5,Robot,Coupe,Petrol,Red,2,29401.62
Ford,Mondeo,2020,287901,2.7,Robot,Sedan,Hybrid,Grey,2,44285.69
Ford,Focus,2000,151170,2.2,Robot,SUV,Petrol,Red,2,27575.82
Volkswagen,Golf,2005,274722,2.5,Robot,Hatchback,Diesel,Black,5,30214.01
BMW,X3,2018,299221,2.4,Manual,Coupe,Petrol,White,4,39983.66
BMW,X5,2018,291525,3.0,CVT,Wagon,Electric,White,5,59257.37
Ford,Focus,2008,196334,2.2,Manual,Sedan,Diesel,Black,3,27560.01
Volkswagen,Touareg,2007,185024,5.0,Automatic,Wagon,Electric,Black,4,42466.31
BMW,X3,2003,271994,1.8,Robot,Sedan,Electric,Green,2,37500.5
Kia,Sportage,2018,155958,2.7,CVT,Sedan,Diesel,Blue,4,41752.66
Ford,Mondeo,2000,239990,1.8,CVT,Wagon,Hybrid,Grey,2,26067.15
BMW,5 Series,2002,288835,2.7,Robot,SUV,Hybrid,Brown,3,35520.57
BMW,X3,2023,81499,1.2,Robot,Hatchback,Electric,Blue,2,56654.41
Nissan,Almera,2016,80667,2.0,Manual,Wagon,Electric,Red,4,44221.42
Honda,Accord,2015,420,2.4,CVT,Sedan,Diesel,Brown,5,43748.85
Mercedes,GLE,2019,279037,1.2,Robot,Wagon,Diesel,Silver,3,47578.48
Ford,Kuga,2005,226073,4.0,Manual,Coupe,Electric,Green,4,42348.08
Audi,Q7,2006,165205,2.7,CVT,Coupe,Petrol,Silver,3,33020.79
Honda,CR-V,2003,154736,1.8,CVT,Hatchback,Petrol,Silver,5,24161.89
Honda,Accord,2021,205404,1.6,Automatic,Hatchback,Petrol,White,3,31965.18
Mercedes,E-Class,2013,38655,5.0,Manual,Wagon,Diesel,Black,4,51412.98
Ford,Kuga,2000,249526,1.0,Robot,Hatchback,Electric,Silver,3,25470.6
Nissan,Teana,2010,277249,1.2,Manual,Wagon,Hybrid,White,3,32115.73
Kia,Sorento,2007,298167,1.0,Manual,Wagon,Diesel,Green,3,20132.74
Kia,Sportage,2009,141296,3.5,Automatic,SUV,Electric,White,4,44185.45
Toyota,Corolla,2000,44764,1.6,Automatic,Coupe,Hybrid,Red,5,32359.56
Honda,CR-V,2012,203154,3.5,CVT,Wagon,Hybrid,Black,2,41546.62
Volkswagen,Tiguan,2003,215363,2.2,CVT,Hatchback,Hybrid,Black,5,29430.44
Ford,Focus,2012,107739,1.4,CVT,Wagon,Diesel,White,2,31587.57
Honda,CR-V,2017,21094,1.0,CVT,SUV,Hybrid,Blue,3,41043.92
Kia,Rio,2002,279255,3.5,Robot,Wagon,Diesel,Green,4,26704.4
Mercedes,C-Class,2008,133704,2.0,Manual,SUV,Hybrid,White,2,48414.96
Nissan,Almera,2013,132047,2.2,Automatic,Wagon,Diesel,Black,5,34282.53
Kia,Sportage,2008,76377,2.2,Robot,Wagon,Electric,Brown,3,46071.7
BMW,X3,2002,272426,2.0,Manual,Wagon,Hybrid,Brown,5,29633.4
Hyundai,Elantra,2002,268329,3.5,Manual,Coupe,Petrol,Blue,4,21169.26
Ford,Kuga,2004,134643,2.4,Automatic,Sedan,Hybrid,Green,5,41283.63
BMW,5 Series,2020,133846,3.5,Manual,Coupe,Petrol,Red,3,45602.06
Honda,Civic,2002,27182,1.6,Automatic,Wagon,Electric,Blue,3,44932.82
Kia,Sorento,2013,45909,2.7,Robot,SUV,Diesel,Black,5,39061.63
Volkswagen,Passat,2023,178373,1.0,Robot,Hatchback,Hybrid,Grey,4,46211.37
Kia,Cerato,2020,286881,5.0,Manual,SUV,Hybrid,Silver,2,59523.44
Toyota,Corolla,2022,242936,2.4,Robot,Sedan,Petrol,Red,3,38750.65
Mercedes,C-Class,2018,128574,5.0,Robot,Wagon,Petrol,Grey,3,53714.86
Kia,Sorento,2015,209112,2.4,Manual,Coupe,Petrol,Grey,2,33186.77
Mercedes,C-Class,2015,54457,1.2,Automatic,Coupe,Petrol,Brown,4,49163.21
BMW,3 Series,2000,273482,2.4,Robot,Sedan,Electric,Black,2,33047.37
Mercedes,GLC,2018,204933,3.0,CVT,Sedan,Electric,White,3,47808.7
Toyota,Corolla,2000,81238,2.4,Automatic,Hatchback,Diesel,White,4,29551.76
Kia,Sorento,2014,281451,2.0,Robot,Hatchback,Diesel,Silver,4,29537.0
Audi,Q7,2014,90214,2.0,Robot,Hatchback,Hybrid,Silver,3,47678.39
Toyota,Camry,2005,173708,2.5,Robot,Sedan,Electric,Green,4,28834.74
Ford,Focus,2000,248066,4.0,Manual,Hatchback,Hybrid,Red,2,25881.94
BMW,3 Series,2007,142876,1.4,Automatic,Coupe,Hybrid,Brown,2,33621.05
Honda,CR-V,2003,13898,2.4,Manual,Wagon,Electric,White,4,35410.45
Kia,Sportage,2005,174458,1.0,CVT,Coupe,Electric,Red,5,34248.17
Toyota,Land Cruiser,2020,63271,2.5,Automatic,Wagon,Petrol,Silver,3,39830.64
Nissan,Patrol,2008,274604,1.4,Automatic,SUV,Hybrid,Silver,2,35627.25
Ford,Kuga,2000,262329,2.0,CVT,Hatchback,Hybrid,Brown,3,22488.73
Volkswagen,Tiguan,2006,225152,2.5,Manual,SUV,Hybrid,Green,4,32821.81
Honda,Accord,2005,79570,1.0,Automatic,Coupe,Hybrid,Grey,5,25922.15
Honda,CR-V,2011,207275,2.2,Robot,Wagon,Diesel,Brown,3,29580.07
Ford,Focus,2008,30568,2.2,Manual,SUV,Electric,Silver,5,49485.46
Kia,Cerato,2019,96429,4.0,Automatic,Wagon,Diesel,Grey,2,38202.04
Volkswagen,Tiguan,2002,51529,1.5,Automatic,SUV,Electric,Brown,3,39942.8
Hyundai,Solaris,2021,164704,1.8,CVT,Hatchback,Petrol,Brown,2,35851.0
Mercedes,GLE,2007,814,3.5,Robot,Hatchback,Hybrid,Green,3,55035.17
Toyota,Corolla,2015,86390,1.6,Robot,Coupe,Diesel,Black,3,42334.27
Toyota,Camry,2018,123355,2.7,Manual,Sedan,Electric,Black,5,59749.8
Kia,Cerato,2022,61377,2.2,Automatic,Sedan,Electric,Brown,3,61685.21
Kia,Rio,2008,47582,2.4,Robot,Wagon,Diesel,Green,2,33895.52
Hyundai,Tucson,2012,132844,5.0,CVT,Sedan,Hybrid,White,3,49240.11
Nissan,Almera,2007,1046,4.0,CVT,Sedan,Diesel,Brown,5,45718.47
Kia,Sportage,2014,235787,2.7,Manual,Wagon,Electric,Black,2,36524.98
Kia,Rio,2007,203074,1.6,Automatic,SUV,Petrol,Grey,2,27632.06
Honda,CR-V,2014,176251,1.8,Automatic,Wagon,Electric,White,5,37429.83
Volkswagen,Touareg,2003,80260,2.0,Automatic,Hatchback,Diesel,Brown,2,30521.35
Mercedes,GLE,2022,107904,3.5,Manual,Sedan,Diesel,Brown,4,45503.33
BMW,X3,2000,212875,2.7,Manual,Sedan,Electric,Blue,4,34786.43
Ford,Focus,2004,237445,1.2,Manual,Sedan,Diesel,Grey,3,20490.01
Ford,Kuga,2013,207932,1.8,Robot,Coupe,Hybrid,Silver,2,33687.17
Honda,Civic,2011,70408,3.0,Automatic,Wagon,Hybrid,Black,3,43649.02
Nissan,Almera,2012,108853,2.0,Robot,Sedan,Petrol,Black,5,37701.97
Mercedes,C-Class,2009,160811,2.7,Automatic,SUV,Diesel,White,4,39392.56
Kia,Rio,2001,238841,4.0,CVT,Hatchback,Hybrid,Black,5,29737.74
Honda,Accord,2012,299480,2.7,CVT,Wagon,Petrol,Green,5,32202.3
Volkswagen,Passat,2016,125355,1.4,CVT,Coupe,Hybrid,Black,3,50620.76
BMW,3 Series,2003,133001,1.2,CVT,Coupe,Hybrid,Blue,5,39580.86
BMW,X5,2005,209708,3.0,Robot,Sedan,Diesel,Blue,4,28145.65
Audi,A4,2013,244443,3.0,Robot,Wagon,Diesel,Silver,3,42260.76
Mercedes,C-Class,2017,154226,2.0,Manual,Hatchback,Diesel,Silver,2,42637.55
Kia,Sportage,2000,88327,2.0,CVT,SUV,Diesel,Red,4,29275.43
Hyundai,Solaris,2000,25090,1.8,Robot,Hatchback,Petrol,Brown,5,32891.68
Mercedes,GLC,2015,111113,2.0,CVT,Hatchback,Hybrid,Grey,4,56951.48
Kia,Rio,2004,121638,2.7,Robot,Sedan,Diesel,Black,3,27312.64
Audi,Q7,2015,292485,1.8,Robot,Coupe,Hybrid,Silver,5,45333.85
Volkswagen,Golf,2016,292641,3.0,Robot,Hatchback,Hybrid,Brown,4,33806.57
Hyundai,Elantra,2021,244790,2.2,Manual,Coupe,Hybrid,Silver,3,44338.17
Hyundai,Solaris,2005,284501,1.4,CVT,SUV,Electric,Blue,5,30991.69
Kia,Sportage,2020,85275,4.0,Robot,Wagon,Petrol,White,3,53588.95
BMW,3 Series,2013,5566,2.7,Manual,Wagon,Petrol,Silver,4,56858.43
Hyundai,Santa Fe,2009,183501,2.2,CVT,SUV,Diesel,White,3,27337.89
Honda,CR-V,2001,209836,5.0,Automatic,Hatchback,Diesel,Grey,4,26639.17
Hyundai,Tucson,2013,210590,3.5,CVT,Coupe,Petrol,Grey,4,38253.03
Kia,Sorento,2002,228845,2.4,CVT,Wagon,Petrol,Grey,5,19954.55
BMW,5 Series,2015,93366,1.8,Manual,Hatchback,Electric,White,5,54580.33
Audi,A4,2019,111414,2.5,CVT,Hatchback,Petrol,White,4,48299.05
Hyundai,Tucson,2008,47234,2.5,Robot,Coupe,Diesel,Brown,5,45415.7
Kia,Sportage,2023,33103,2.5,CVT,Sedan,Hybrid,Brown,3,59658.39
Kia,Sorento,2002,78727,2.7,Automatic,SUV,Petrol,Blue,5,27735.43
Volkswagen,Passat,2010,96993,5.0,Automatic,Wagon,Electric,Green,5,51973.17
Kia,Cerato,2023,245579,1.6,Automatic,Coupe,Hybrid,Brown,5,42388.29
Honda,Accord,2015,224864,2.7,Automatic,SUV,Electric,Red,2,45816.18
Honda,Accord,2021,194308,3.0,CVT,Wagon,Diesel,Brown,5,37010.34
Mercedes,C-Class,2003,34121,1.5,Manual,Coupe,Electric,Green,2,51049.33
BMW,X3,2016,83404,5.0,CVT,SUV,Electric,Red,2,81923.69
Ford,Focus,2002,637,2.7,Automatic,Sedan,Petrol,Grey,3,34070.26
Toyota,Camry,2001,256286,1.5,Automatic,SUV,Diesel,Blue,2,21832.18
BMW,3 Series,2009,215730,2.5,Robot,Sedan,Electric,Grey,3,41545.55
Honda,CR-V,2004,235113,1.8,CVT,Wagon,Diesel,Silver,3,24063.47
Mercedes,E-Class,2007,33580,3.5,Robot,Sedan,Hybrid,White,4,53106.74
Toyota,RAV4,2019,93402,5.0,Automatic,Sedan,Petrol,Blue,4,61615.03
Audi,A4,2020,65121,1.2,CVT,Wagon,Electric,Brown,2,63311.46
Nissan,Teana,2017,164515,2.2,Automatic,Wagon,Diesel,Blue,5,36918.77
Ford,Focus,2000,287793,1.5,CVT,Wagon,Petrol,Grey,5,15606.15
Kia,Sportage,2005,24236,2.0,CVT,Coupe,Electric,White,3,42261.54
Audi,A4,2009,178742,2.4,CVT,Coupe,Electric,Silver,5,36991.09
Mercedes,E-Class,2002,118336,1.2,Manual,Coupe,Electric,White,2,44488.44
BMW,X5,2020,143842,2.5,Automatic,Hatchback,Diesel,Red,3,51323.24
Volkswagen,Passat,2021,155579,3.5,Automatic,Coupe,Hybrid,Blue,4,48463.32
Kia,Sportage,2017,274841,1.8,Robot,Hatchback,Electric,Black,5,35318.51
Kia,Cerato,2012,299393,2.5,Automatic,Coupe,Petrol,Grey,2,27793.9
Honda,CR-V,2015,25402,1.8,Automatic,Wagon,Diesel,Brown,3,47837.59
Ford,Mondeo,2004,90439,1.8,Manual,Wagon,Diesel,Red,3,31678.24
Audi,Q5,2016,295868,1.0,Manual,Coupe,Electric,Green,3,39092.24
Ford,Mondeo,2020,195333,3.5,Automatic,SUV,Petrol,Green,2,42669.38
Nissan,Teana,2022,166402,1.0,CVT,Sedan,Petrol,Green,4,37361.62
Mercedes,C-Class,2002,38977,4.0,Manual,Coupe,Hybrid,Black,4,51863.1
Mercedes,E-Class,2000,167506,4.0,Manual,Hatchback,Hybrid,Blue,3,35677.75
Toyota,Land Cruiser,2008,116048,4.0,Manual,Coupe,Hybrid,Red,4,42746.93
Hyundai,Santa Fe,2005,251608,1.4,Automatic,Hatchback,Diesel,Green,3,18860.0
BMW,X5,2004,263575,1.8,Automatic,Wagon,Electric,Brown,2,29645.78
Ford,Mondeo,2018,255848,3.5,CVT,Wagon,Diesel,Blue,2,34865.83
Ford,Kuga,2018,41482,1.5,CVT,Wagon,Diesel,Red,3,54435.9
Toyota,Land Cruiser,2000,134144,1.4,Manual,Coupe,Electric,White,4,32605.19
Nissan,Teana,2011,278363,1.0,Robot,Sedan,Electric,Black,3,31864.55
Kia,Cerato,2002,87393,1.8,CVT,Wagon,Diesel,Silver,5,28257.94
BMW,X5,2017,293633,2.7,Robot,Coupe,Hybrid,Brown,4,41648.15
Audi,A6,2003,236424,3.0,Automatic,SUV,Diesel,Blue,2,40597.07
Audi,Q7,2004,206308,3.5,Automatic,Coupe,Diesel,Blue,3,34458.13
Hyundai,Elantra,2010,20121,3.0,CVT,SUV,Petrol,Blue,4,46137.92
Mercedes,GLC,2015,65638,3.0,Manual,Sedan,Petrol,Blue,2,49388.05
Nissan,X-Trail,2018,229810,1.5,Automatic,SUV,Electric,Brown,5,33800.12
Mercedes,C-Class,2019,184307,3.5,Manual,Sedan,Hybrid,White,5,55720.82
Hyundai,Santa Fe,2008,110848,3.5,Automatic,Hatchback,Hybrid,Black,4,35692.94
BMW,3 Series,2023,292508,2.5,Automatic,SUV,Hybrid,Silver,3,48556.48
Toyota,Camry,2002,230305,1.0,Manual,SUV,Diesel,Green,5,21099.06
Volkswagen,Passat,2008,242975,2.7,Automatic,Hatchback,Petrol,Black,4,25317.19
BMW,3 Series,2005,233420,2.0,Automatic,Sedan,Diesel,Grey,5,31930.77
Ford,Kuga,2009,99978,2.4,CVT,Hatchback,Petrol,Silver,3,39990.39
Audi,A4,2007,26440,3.0,Automatic,Wagon,Electric,Black,2,49347.53
Kia,Sorento,2021,98995,2.5,Robot,Wagon,Petrol,Grey,2,40794.18
Nissan,X-Trail,2008,238143,2.5,CVT,Coupe,Petrol,Red,2,26396.16
Kia,Sorento,2003,12402,1.0,Manual,Sedan,Electric,Silver,2,43407.09
Ford,Mondeo,2014,47431,1.8,Robot,Sedan,Hybrid,Black,5,37331.42
Nissan,X-Trail,2002,46573,2.4,Manual,Coupe,Electric,White,3,30172.3
Nissan,X-Trail,2022,34341,4.0,Manual,Coupe,Petrol,Brown,3,55040.54
Toyota,Corolla,2023,195984,4.0,Automatic,Hatchback,Hybrid,Black,5,48171.61
Volkswagen,Tiguan,2019,79941,2.4,Robot,Wagon,Hybrid,Red,3,52014.68
Mercedes,E-Class,2004,45938,2.5,Automatic,Sedan,Petrol,White,2,37595.13
BMW,3 Series,2012,92862,2.5,Robot,SUV,Diesel,Blue,3,46599.08
Toyota,Corolla,2017,26000,1.5,Automatic,Sedan,Petrol,Brown,5,50461.33
Mercedes,GLC,2016,95343,2.0,Automatic,SUV,Diesel,Brown,2,49598.98
BMW,X5,2004,248965,1.2,Robot,Sedan,Hybrid,Blue,4,29119.51
Hyundai,Solaris,2010,249098,2.2,Automatic,Coupe,Diesel,Brown,4,30501.5
BMW,3 Series,2022,181828,1.8,Automatic,Coupe,Diesel,White,3,44077.43
Kia,Cerato,2023,273953,2.5,CVT,Coupe,Electric,Grey,5,47382.16
Toyota,Land Cruiser,2009,246314,2.7,Manual,Hatchback,Hybrid,Silver,3,27937.36
Ford,Focus,2011,214396,1.4,CVT,Hatchback,Electric,Green,4,37538.41
Nissan,Almera,2022,178751,4.0,CVT,Sedan,Electric,Red,3,37222.3
BMW,3 Series,2017,4094,1.4,Robot,Wagon,Diesel,White,4,52972.57
Mercedes,GLE,2008,216711,1.2,Manual,SUV,Electric,Red,3,43052.66
Mercedes,GLE,2004,41384,5.0,Automatic,Wagon,Electric,Black,5,47372.65
Audi,Q7,2023,100330,1.0,CVT,Wagon,Hybrid,Red,3,40372.87
Mercedes,GLE,2009,66224,1.8,Robot,Coupe,Hybrid,White,5,50349.72
Hyundai,Elantra,2011,141981,1.5,Automatic,Hatchback,Diesel,Green,3,31782.57
Toyota,RAV4,2017,130177,1.6,Manual,SUV,Diesel,Brown,3,43144.59
BMW,X5,2000,297799,1.4,Automatic,Sedan,Diesel,Blue,3,23992.54
Audi,A4,2004,118849,3.5,CVT,Hatchback,Diesel,White,5,38510.8
Audi,Q5,2023,12467,1.2,Robot,Wagon,Hybrid,Grey,4,54150.35
Audi,A6,2000,67484,1.6,Robot,Wagon,Diesel,Blue,5,30523.91
Mercedes,GLC,2021,5293,1.5,Automatic,Coupe,Electric,Grey,5,60233.43
Hyundai,Solaris,2005,265496,5.0,Manual,Hatchback,Diesel,Black,4,29530.91
Toyota,Camry,2004,204581,1.0,CVT,SUV,Electric,Brown,5,34132.05
Volkswagen,Golf,2016,2257,1.8,CVT,Wagon,Petrol,Red,4,41004.7
Toyota,RAV4,2010,156587,2.4,Manual,Coupe,Hybrid,Black,2,45906.05
Nissan,Teana,2021,214075,1.8,CVT,Coupe,Electric,Green,5,38757.75
Nissan,Teana,2020,211063,3.0,Manual,Wagon,Electric,Red,5,44158.17
Volkswagen,Golf,2001,32822,5.0,Robot,Wagon,Petrol,Green,4,45320.98
Nissan,Almera,2001,136343,2.5,Robot,SUV,Hybrid,Grey,2,32458.02
Ford,Kuga,2007,207716,2.2,Robot,SUV,Electric,Green,3,36913.69
Ford,Kuga,2017,250967,1.8,Automatic,SUV,Electric,Green,4,46450.48
Nissan,Teana,2011,149029,2.7,Robot,Coupe,Electric,Black,3,43006.97
Honda,Accord,2003,177338,3.0,Robot,SUV,Hybrid,Blue,5,32400.39
Kia,Rio,2009,184348,3.0,CVT,Coupe,Petrol,Brown,3,26917.76
Nissan,X-Trail,2015,201489,5.0,CVT,Wagon,Petrol,Red,2,36433.96
Mercedes,GLC,2017,226283,1.2,CVT,Wagon,Petrol,Red,5,31888.95
Mercedes,E-Class,2014,231582,1.4,CVT,Sedan,Diesel,Blue,4,36668.99
Mercedes,GLC,2011,294458,3.5,Automatic,Wagon,Electric,Red,3,46044.4
BMW,X5,2003,86184,2.2,CVT,Hatchback,Petrol,Silver,3,27074.24
Volkswagen,Golf,2006,44280,2.2,Automatic,Wagon,Diesel,Grey,3,35709.68
Nissan,Almera,2022,297821,2.0,Manual,SUV,Petrol,Black,2,39949.88
Nissan,Patrol,2023,265928,2.7,Automatic,Wagon,Diesel,Black,4,41608.29
Nissan,X-Trail,2014,162304,4.0,Automatic,SUV,Electric,Red,4,47195.33
Kia,Cerato,2010,20077,1.6,Manual,Sedan,Diesel,Silver,5,37535.41
Volkswagen,Touareg,2006,92297,1.6,Automatic,Sedan,Petrol,Black,4,23882.63
Ford,Mondeo,2016,230324,2.7,Robot,Coupe,Electric,Blue,4,36890.22
Kia,Sorento,2015,42530,1.5,Robot,SUV,Petrol,Silver,2,48661.16
Ford,Kuga,2005,87519,1.8,CVT,SUV,Electric,Black,4,43969.68
Kia,Rio,2006,44379,2.7,Automatic,Sedan,Petrol,White,5,36913.99
Kia,Sorento,2010,11955,2.4,CVT,Coupe,Petrol,Green,4,39834.15
BMW,X5,2018,179751,4.0,Automatic,Sedan,Petrol,Brown,2,44950.81
Kia,Cerato,2016,239133,5.0,Automatic,SUV,Petrol,Green,5,45950.69
Mercedes,E-Class,2000,280512,1.2,Robot,SUV,Petrol,Brown,4,26361.47
Kia,Rio,2021,52299,1.6,Manual,Sedan,Hybrid,Blue,4,43373.75
Hyundai,Tucson,2020,83521,2.2,Automatic,Hatchback,Petrol,Grey,4,39797.25
Nissan,X-Trail,2013,285239,2.7,Robot,Hatchback,Hybrid,Black,3,36507.59
Nissan,X-Trail,2014,154229,3.0,Robot,SUV,Petrol,Black,3,39393.72
Ford,Mondeo,2001,271969,1.2,Robot,Sedan,Electric,Silver,5,28624.22
Mercedes,GLC,2017,172483,1.0,Manual,Coupe,Hybrid,Silver,5,41129.85
Toyota,Camry,2017,40431,3.0,Automatic,Wagon,Electric,Silver,5,62716.83
Volkswagen,Passat,2023,239198,1.8,Robot,Sedan,Petrol,Red,2,43768.75
Toyota,Camry,2021,261085,3.0,Automatic,Hatchback,Electric,Brown,3,48119.61
Honda,Accord,2002,148936,1.2,CVT,Wagon,Diesel,Silver,2,24435.47
Mercedes,E-Class,2022,135230,2.5,Manual,Wagon,Hybrid,Blue,2,57015.34
Volkswagen,Passat,2001,206091,1.8,Manual,Wagon,Electric,Blue,5,29769.35
Ford,Focus,2004,257075,3.5,Manual,Coupe,Diesel,Green,4,24908.13
Honda,Accord,2001,230230,2.7,Manual,SUV,Electric,Green,3,32821.62
Nissan,Patrol,2012,86700,1.8,Automatic,SUV,Hybrid,Silver,4,37379.62
Nissan,X-Trail,2014,77228,2.0,Robot,Coupe,Diesel,Brown,4,45732.48
Volkswagen,Touareg,2023,104720,1.8,CVT,Sedan,Electric,Black,5,71100.71
Honda,Accord,2000,139380,1.2,CVT,Hatchback,Hybrid,Grey,4,27875.67
Honda,CR-V,2014,200317,1.4,Automatic,Wagon,Diesel,Grey,2,31398.65
BMW,X3,2016,87193,2.7,Automatic,Wagon,Diesel,Red,3,55746.56
BMW,3 Series,2011,107107,1.5,Robot,Coupe,Electric,Black,3,40693.41
Ford,Mondeo,2006,173083,1.2,Manual,Hatchback,Petrol,Silver,2,22969.8
Kia,Rio,2015,77664,1.4,CVT,Hatchback,Diesel,Silver,5,39919.15
Nissan,Teana,2004,86923,2.4,Manual,Sedan,Hybrid,White,3,36512.55
Toyota,Camry,2015,56843,3.0,Robot,Hatchback,Electric,Grey,2,47986.36
Hyundai,Santa Fe,2015,17673,1.5,CVT,Wagon,Diesel,Green,4,43464.92
Volkswagen,Touareg,2008,289590,3.0,Manual,Wagon,Petrol,Black,4,27652.25
Nissan,Almera,2011,176559,1.6,Automatic,Wagon,Hybrid,Red,3,35634.54
Hyundai,Santa Fe,2016,138480,2.5,Robot,Sedan,Petrol,Black,2,39093.11
Ford,Focus,2018,263136,1.0,CVT,Hatchback,Diesel,Green,2,27005.71
Honda,Accord,2023,274238,1.0,Robot,SUV,Diesel,Silver,4,34919.01
Ford,Focus,2018,137366,2.0,Robot,Wagon,Hybrid,Green,4,45067.75
Kia,Cerato,2014,32143,1.0,CVT,Wagon,Hybrid,Green,4,43715.66
Mercedes,C-Class,2010,76848,1.4,Robot,Coupe,Electric,Black,4,42356.07
Nissan,Almera,2014,1611,2.5,CVT,Sedan,Electric,Grey,4,56198.82
Hyundai,Tucson,2001,52788,3.0,Manual,Coupe,Petrol,Brown,4,26894.1
Kia,Rio,2021,104748,3.5,CVT,Coupe,Petrol,Brown,4,44004.6
Mercedes,GLE,2010,142189,1.2,Robot,Coupe,Electric,Silver,3,50525.26
Ford,Kuga,2001,167248,2.5,Automatic,Wagon,Electric,Silver,3,32320.38
BMW,X3,2019,275927,1.4,Automatic,Hatchback,Hybrid,White,2,41659.23
Nissan,X-Trail,2001,7585,2.7,Manual,Wagon,Diesel,Black,4,32240.71
Nissan,Almera,2000,277103,5.0,Robot,Sedan,Petrol,Blue,4,28097.96
Toyota,Camry,2011,248870,1.8,Automatic,SUV,Petrol,Red,5,30399.75
Ford,Kuga,2012,165961,2.0,Automatic,Wagon,Electric,Brown,5,41142.66
BMW,X3,2020,285183,1.8,Robot,Hatchback,Electric,Blue,4,43393.91
Kia,Rio,2022,52018,2.7,Automatic,Hatchback,Electric,Brown,5,49931.16
Honda,CR-V,2016,272940,2.0,Manual,SUV,Electric,Black,4,38164.1
Audi,A4,2011,195895,2.5,CVT,Wagon,Diesel,Green,5,38156.38
Toyota,Camry,2022,221043,1.5,CVT,Hatchback,Petrol,Black,2,37490.95
Nissan,Patrol,2010,97464,4.0,CVT,Sedan,Petrol,Green,5,49479.31
Volkswagen,Touareg,2003,145271,2.0,Robot,SUV,Diesel,Red,2,31665.28
Honda,Accord,2021,133984,2.2,Automatic,Coupe,Petrol,Grey,2,36550.58
Nissan,X-Trail,2011,63128,3.0,CVT,Coupe,Hybrid,White,3,52000.94
Volkswagen,Passat,2007,109002,3.5,Automatic,Sedan,Diesel,Blue,4,40619.43
Volkswagen,Touareg,2018,254572,1.0,Manual,Sedan,Electric,Grey,3,36670.86
Kia,Sorento,2013,173531,2.4,Robot,Sedan,Diesel,Blue,2,31405.91
Toyota,Camry,2011,295608,5.0,Robot,SUV,Petrol,Blue,5,40050.01
Volkswagen,Touareg,2012,287738,1.5,CVT,Sedan,Diesel,White,4,25144.37
Audi,Q7,2002,136659,1.6,Robot,Sedan,Electric,Red,2,39162.39
Nissan,Almera,2009,192460,4.0,Robot,Coupe,Electric,White,5,42094.05
Kia,Sportage,2004,285615,1.4,Robot,SUV,Petrol,Black,3,18645.86
Kia,Sportage,2007,68273,2.4,Manual,SUV,Diesel,Blue,3,37534.95
Mercedes,GLC,2002,20914,1.5,Robot,Hatchback,Diesel,Black,5,37182.55
Nissan,X-Trail,2023,76031,2.7,Manual,SUV,Electric,Blue,3,56400.22
BMW,X3,2023,213756,3.5,Automatic,Wagon,Petrol,Grey,5,43821.53
Volkswagen,Passat,2018,190715,2.0,CVT,SUV,Electric,Grey,4,44543.58
Ford,Focus,2015,37459,1.8,Automatic,Sedan,Diesel,Blue,2,48136.81
Audi,A6,2005,248738,1.8,Robot,Wagon,Diesel,Brown,5,27607.84
BMW,3 Series,2020,219493,4.0,Automatic,SUV,Hybrid,Grey,4,50807.37
BMW,5 Series,2007,291494,2.7,Robot,Coupe,Diesel,Silver,4,32392.05
Toyota,Camry,2004,16211,2.5,CVT,Hatchback,Diesel,Red,2,40155.75
Hyundai,Elantra,2001,18277,1.4,CVT,Coupe,Hybrid,Green,4,38501.38
Ford,Mondeo,2005,138572,3.5,Automatic,SUV,Hybrid,Blue,4,39315.61
Honda,Civic,2005,58418,2.5,Automatic,Wagon,Hybrid,Red,4,36453.29
Hyundai,Solaris,2021,14450,1.4,Robot,Coupe,Petrol,Silver,5,44758.28
Ford,Focus,2015,216453,4.0,Automatic,Wagon,Diesel,White,4,36668.39
Honda,Civic,2012,92635,3.0,CVT,Sedan,Diesel,Blue,2,41849.01
Toyota,Land Cruiser,2000,245900,4.0,CVT,Sedan,Electric,Green,4,30307.0
Honda,Accord,2003,271677,2.5,CVT,Wagon,Hybrid,Grey,5,29011.09
Toyota,Camry,2014,170525,1.2,Robot,Coupe,Hybrid,Black,4,36468.87
Honda,Civic,2010,1119,2.2,Robot,Coupe,Hybrid,White,4,50674.61
Toyota,RAV4,2015,235221,2.0,Robot,SUV,Diesel,Black,3,35744.96
Kia,Cerato,2006,132706,1.2,Automatic,SUV,Hybrid,Blue,5,30712.48
BMW,3 Series,2001,18934,5.0,Automatic,Hatchback,Electric,Silver,2,58694.97
Toyota,RAV4,2003,257091,3.0,Automatic,SUV,Diesel,Green,2,31034.46
BMW,X3,2006,292112,1.8,Robot,SUV,Electric,Brown,5,44785.27
Toyota,Camry,2001,238374,5.0,Automatic,SUV,Electric,Green,4,40948.07
Kia,Cerato,2008,65896,1.8,Robot,Sedan,Electric,Red,4,41464.52
Mercedes,GLC,2006,289703,2.2,Automatic,Hatchback,Diesel,Black,3,26452.48
Honda,Accord,2015,58308,1.5,CVT,Coupe,Electric,Green,5,47443.48
Toyota,Camry,2012,62160,3.0,CVT,Hatchback,Electric,Grey,3,49948.07
BMW,5 Series,2009,203210,1.8,Manual,Coupe,Hybrid,Red,5,33763.84
Toyota,Camry,2022,296306,1.8,CVT,Coupe,Diesel,Blue,4,45362.99
Audi,Q5,2001,148455,2.0,Automatic,Sedan,Electric,White,5,36662.98
Mercedes,GLC,2015,150372,2.2,Robot,Coupe,Petrol,Silver,3,33780.08
Kia,Sportage,2013,292472,1.6,CVT,Coupe,Hybrid,White,3,39735.26
Mercedes,C-Class,2002,267456,1.8,CVT,Hatchback,Diesel,Green,5,25606.21
Nissan,Almera,2019,276207,1.4,Manual,Coupe,Electric,Red,3,42784.6
Toyota,Corolla,2005,2420,1.0,Automatic,Coupe,Diesel,White,4,41547.12
BMW,X5,2001,227676,1.0,Robot,Hatchback,Petrol,Black,2,20442.45
Nissan,Patrol,2006,97677,4.0,Automatic,Hatchback,Petrol,Blue,3,32192.15
Volkswagen,Passat,2015,269275,2.0,Automatic,Sedan,Diesel,Black,4,30920.63
Honda,CR-V,2016,206802,3.0,Manual,SUV,Diesel,Black,2,41521.46
Mercedes,GLE,2018,237012,1.8,Manual,Hatchback,Petrol,Silver,5,42763.26
Honda,CR-V,2023,287401,5.0,Manual,Coupe,Diesel,Silver,2,52380.14
Nissan,Patrol,2011,150279,1.6,CVT,Hatchback,Hybrid,Silver,4,25785.98
Mercedes,E-Class,2009,222047,1.2,Robot,SUV,Electric,White,3,44726.93
Ford,Mondeo,2013,8577,2.4,Manual,Wagon,Petrol,Black,4,42106.21
Mercedes,E-Class,2007,190047,1.4,Robot,SUV,Electric,Brown,5,41920.57
Toyota,Land Cruiser,2023,3857,3.0,Manual,Hatchback,Electric,Brown,5,49560.67
Toyota,Land Cruiser,2022,174304,5.0,Robot,Hatchback,Hybrid,Brown,3,52259.88
Toyota,Corolla,2020,290477,4.0,Automatic,Wagon,Hybrid,White,2,42602.88
Mercedes,GLC,2007,196370,4.0,CVT,Coupe,Electric,Black,5,47687.0
Kia,Sportage,2007,152834,1.2,Manual,Wagon,Petrol,Blue,3,26434.19
Mercedes,E-Class,2001,148768,2.4,CVT,Hatchback,Electric,Brown,3,39660.56
Toyota,Corolla,2007,66533,1.5,Automatic,Wagon,Diesel,Grey,4,38187.92
Toyota,Camry,2022,212637,3.5,Robot,Sedan,Diesel,Black,3,40627.97
Kia,Sportage,2006,42425,2.2,CVT,Wagon,Electric,Brown,5,39643.45
Audi,Q7,2020,255665,1.2,Manual,SUV,Petrol,Silver,2,40409.19
Kia,Cerato,2013,207979,4.0,Automatic,Hatchback,Diesel,Grey,3,38349.68
Toyota,RAV4,2001,31188,5.0,Automatic,Sedan,Electric,White,4,52726.42
Toyota,Corolla,2016,171503,1.5,Manual,Sedan,Hybrid,White,4,38562.44
Volkswagen,Tiguan,2012,227827,1.0,Manual,Coupe,Petrol,White,4,21427.46
Audi,A4,2006,152849,5.0,Automatic,Hatchback,Hybrid,Blue,3,53662.72
Kia,Cerato,2004,82445,2.2,CVT,Wagon,Electric,Brown,5,47707.74
Kia,Sportage,2022,7304,1.2,Robot,SUV,Electric,Grey,2,53210.95
BMW,5 Series,2011,150161,4.0,Automatic,Hatchback,Diesel,Brown,2,44886.97
Hyundai,Elantra,2002,286673,2.4,Robot,Coupe,Hybrid,Red,2,29023.61
Ford,Kuga,2021,189551,3.5,Manual,Sedan,Electric,Blue,3,42373.16
Kia,Rio,2006,104992,1.5,Robot,Hatchback,Electric,Brown,2,37070.28
Ford,Kuga,2007,63056,3.5,Automatic,Hatchback,Diesel,White,5,41607.04
Kia,Rio,2000,212694,5.0,Robot,SUV,Petrol,Silver,4,34117.49
Kia,Rio,2009,262398,1.4,Manual,SUV,Diesel,Grey,5,25747.36
Honda,Civic,2009,50117,2.5,Manual,Coupe,Diesel,Green,4,49753.77
Ford,Mondeo,2004,240655,5.0,Manual,Coupe,Electric,White,2,37818.47
Audi,Q5,2015,67345,1.4,Robot,Hatchback,Diesel,Black,5,43560.68
Audi,Q5,2015,290604,1.6,Automatic,Hatchback,Electric,White,4,44102.69
Ford,Kuga,2020,111302,2.4,Robot,Hatchback,Petrol,White,5,40095.43
Volkswagen,Touareg,2011,201041,2.5,CVT,SUV,Electric,Red,4,41899.35
Kia,Rio,2017,135886,2.4,Robot,Coupe,Electric,White,2,48685.03
Kia,Cerato,2012,173808,5.0,Manual,Sedan,Electric,Brown,5,43806.98
Audi,A6,2002,165189,2.7,Manual,SUV,Diesel,White,4,32608.69
Honda,CR-V,2019,147763,1.5,CVT,Sedan,Petrol,Brown,5,31530.52
Nissan,Patrol,2009,58396,4.0,CVT,Wagon,Diesel,Black,5,44453.21
Audi,Q7,2007,202763,2.5,Manual,Wagon,Diesel,Red,4,31521.56
Audi,Q5,2007,97383,5.0,Automatic,Coupe,Petrol,Blue,3,50874.83
Nissan,Teana,2019,174115,1.4,Manual,Sedan,Hybrid,Silver,5,36942.3
Nissan,Teana,2015,209545,1.2,CVT,Coupe,Hybrid,Blue,4,38131.55
Toyota,Corolla,2010,230956,3.0,Manual,Coupe,Hybrid,White,4,36172.1
Nissan,X-Trail,2008,49421,3.5,CVT,Wagon,Diesel,Brown,5,47308.16
Mercedes,E-Class,2000,78747,1.2,Automatic,SUV,Petrol,White,5,36796.27
Volkswagen,Tiguan,2013,113307,1.0,Robot,Wagon,Electric,Grey,5,36892.1
Audi,A4,2008,254686,1.8,Manual,Sedan,Hybrid,Brown,5,31519.52
Honda,Civic,2012,14674,3.0,Robot,Hatchback,Electric,Grey,5,49308.3
Audi,A4,2008,75324,1.4,Automatic,Wagon,Petrol,White,4,43273.59
Hyundai,Tucson,2005,80908,2.4,Robot,SUV,Petrol,White,3,35179.86
Mercedes,E-Class,2011,186983,2.2,CVT,SUV,Electric,White,2,47877.69
Ford,Mondeo,2020,166759,1.8,CVT,Sedan,Hybrid,Grey,2,34858.68
Nissan,X-Trail,2009,143361,1.8,CVT,Hatchback,Diesel,White,5,32724.88
Nissan,Patrol,2013,18409,4.0,Automatic,Wagon,Diesel,Brown,2,48967.91
Audi,Q5,2012,159152,1.0,Robot,Wagon,Petrol,Red,2,32956.14
Toyota,RAV4,2012,95595,1.5,Automatic,SUV,Petrol,White,4,35697.45
Honda,Civic,2015,291162,3.0,Robot,Coupe,Diesel,Red,5,34150.32
Volkswagen,Touareg,2022,56,1.8,Manual,Coupe,Electric,Black,2,59831.55
Mercedes,C-Class,2023,73072,2.2,Robot,Sedan,Hybrid,Grey,3,49645.83
Volkswagen,Tiguan,2009,231735,4.0,Automatic,Sedan,Diesel,Red,5,35275.64
Nissan,X-Trail,2012,209611,1.4,CVT,Wagon,Diesel,Brown,2,28749.06
Audi,Q5,2009,106500,3.0,Manual,Sedan,Diesel,White,3,47394.66
BMW,5 Series,2009,261372,2.4,Robot,Coupe,Hybrid,Blue,5,35766.04
Hyundai,Elantra,2023,246709,5.0,CVT,Sedan,Electric,Silver,3,42929.06
Nissan,X-Trail,2008,201943,2.7,Robot,Hatchback,Petrol,Green,3,26938.5
Volkswagen,Golf,2001,217129,1.5,CVT,Hatchback,Hybrid,Red,5,25160.07
Volkswagen,Passat,2020,24698,3.5,Automatic,Sedan,Diesel,Black,2,53845.96
Toyota,Camry,2004,97012,1.8,CVT,Coupe,Petrol,Grey,4,28291.81
Mercedes,GLE,2010,282455,2.2,CVT,Sedan,Hybrid,White,2,46544.07
Toyota,RAV4,2018,66024,5.0,Manual,Hatchback,Hybrid,Green,4,50152.79
Hyundai,Elantra,2001,43026,4.0,Robot,SUV,Petrol,Brown,2,39445.29
Hyundai,Tucson,2019,15684,1.4,Robot,Sedan,Petrol,Black,2,46276.61
BMW,X3,2013,121840,2.0,Manual,Coupe,Hybrid,White,3,45541.94
Honda,Civic,2000,89059,1.2,Robot,Wagon,Petrol,White,2,25179.69
Audi,A6,2002,227926,2.5,Manual,Wagon,Electric,White,2,34317.28
Mercedes,GLE,2021,101272,2.4,Automatic,Wagon,Hybrid,Grey,2,58457.23
BMW,3 Series,2015,48392,1.0,CVT,Sedan,Electric,Black,5,49079.49
Hyundai,Elantra,2023,272018,2.0,Manual,Sedan,Electric,Green,4,32130.31
Audi,Q7,2000,173418,5.0,Manual,SUV,Hybrid,Silver,3,38128.78
Honda,Civic,2022,292278,2.4,Manual,Coupe,Hybrid,Brown,3,44479.62
BMW,3 Series,2022,8583,2.5,Manual,Coupe,Diesel,White,3,76558.41
Hyundai,Elantra,2010,169645,4.0,CVT,Coupe,Petrol,Brown,5,32311.67
Ford,Focus,2019,168939,2.4,CVT,Hatchback,Hybrid,Silver,3,36719.47
Audi,Q5,2022,173403,2.0,Manual,Hatchback,Diesel,Red,4,44900.08
Hyundai,Solaris,2001,140216,2.7,Robot,Wagon,Diesel,Brown,3,31281.5
Ford,Focus,2013,69177,2.2,Manual,Hatchback,Diesel,Grey,4,43360.7
Mercedes,GLE,2019,207733,2.0,Manual,Coupe,Diesel,Red,5,45640.57
Ford,Kuga,2019,172775,3.5,Automatic,SUV,Petrol,Brown,2,39736.07
Mercedes,C-Class,2002,113585,2.2,Automatic,Wagon,Petrol,Brown,3,35591.49
Audi,Q7,2003,85184,3.5,Automatic,Wagon,Electric,Silver,3,49164.27
Honda,CR-V,2012,264016,1.0,Automatic,Coupe,Electric,Green,4,33435.87
Kia,Cerato,2019,132446,1.4,Robot,SUV,Petrol,Grey,4,36111.86
Audi,Q7,2015,25259,3.5,Robot,Sedan,Electric,White,2,60374.1
Audi,A4,2023,231602,2.4,Manual,SUV,Electric,Silver,3,63229.75
Honda,Civic,2018,155801,1.0,Manual,SUV,Hybrid,Black,4,35252.13
Honda,Accord,2005,137702,1.8,CVT,Sedan,Electric,Red,5,29022.16
Mercedes,C-Class,2006,199953,2.5,Robot,Sedan,Hybrid,Silver,4,42127.76
Toyota,RAV4,2020,289095,2.0,Manual,Hatchback,Electric,Grey,5,43379.97
Honda,Accord,2007,175205,1.5,Manual,Coupe,Petrol,White,2,24884.28
Kia,Sorento,2023,232463,3.0,Automatic,SUV,Diesel,Brown,5,43216.66
Hyundai,Elantra,2020,164727,1.0,Robot,Sedan,Petrol,Silver,3,36729.67
Volkswagen,Passat,2020,216988,3.5,Automatic,Coupe,Diesel,Black,5,44366.2
Mercedes,C-Class,2003,215928,1.0,CVT,Wagon,Diesel,Brown,3,26295.34
Volkswagen,Touareg,2005,52195,2.4,Robot,SUV,Diesel,White,3,41271.42
Audi,A4,2002,243083,3.0,Robot,Coupe,Hybrid,Grey,4,35015.78
Nissan,Almera,2000,66798,2.2,CVT,Coupe,Petrol,Green,2,36243.33
Kia,Rio,2002,284380,3.0,CVT,Wagon,Petrol,Blue,5,20938.75
Kia,Sportage,2017,98631,2.4,CVT,Coupe,Hybrid,White,3,42064.38
Kia,Sorento,2020,208343,2.7,CVT,Coupe,Diesel,Blue,4,44118.78
Kia,Sportage,2004,56284,1.8,Robot,Wagon,Hybrid,White,5,35167.74
Mercedes,C-Class,2011,79244,1.2,Robot,SUV,Electric,Blue,2,51890.82
Ford,Focus,2021,297521,2.0,Automatic,SUV,Electric,Green,5,45088.94
Kia,Sorento,2003,279888,2.7,CVT,Hatchback,Hybrid,Green,3,25586.37
Volkswagen,Golf,2011,189674,1.6,Automatic,Coupe,Petrol,Brown,2,29042.07
Hyundai,Santa Fe,2001,143239,1.2,Manual,Coupe,Diesel,Blue,3,20131.54
Volkswagen,Tiguan,2010,251818,1.4,Manual,SUV,Hybrid,Silver,3,34317.52
Honda,Accord,2000,104012,1.4,CVT,Coupe,Diesel,Silver,5,23414.0
Toyota,Corolla,2020,259495,1.6,Robot,Hatchback,Hybrid,White,5,42850.94
Mercedes,GLC,2005,73836,5.0,Manual,Hatchback,Diesel,Black,3,50043.37
Audi,A6,2003,113398,1.2,CVT,Hatchback,Petrol,Silver,2,29404.45
Hyundai,Solaris,2019,140605,2.4,Manual,Wagon,Hybrid,Black,2,39335.83
Volkswagen,Tiguan,2004,15213,3.0,Manual,Coupe,Petrol,White,5,44464.02
Honda,Civic,2020,271344,1.8,Robot,Sedan,Hybrid,White,4,32552.02
Ford,Kuga,2001,145522,1.2,Automatic,Coupe,Petrol,Brown,5,20798.28
Kia,Sportage,2023,254568,3.5,Automatic,Coupe,Petrol,Silver,5,46402.61
Volkswagen,Tiguan,2000,120359,2.5,CVT,Coupe,Hybrid,Blue,3,34049.01
BMW,3 Series,2012,156408,3.5,Manual,Coupe,Electric,Blue,4,48347.02
Mercedes,C-Class,2008,127852,2.4,Manual,Coupe,Diesel,Silver,2,38337.08
Ford,Focus,2003,66473,5.0,Robot,Wagon,Petrol,Silver,4,41291.34
Nissan,X-Trail,2000,77774,2.7,Manual,Wagon,Electric,White,3,37420.96
Audi,A6,2021,67762,1.6,CVT,SUV,Diesel,Black,2,57543.41
Audi,A4,2015,226709,1.4,Robot,Sedan,Hybrid,Grey,5,40995.73
Toyota,Land Cruiser,2018,203679,1.4,Manual,SUV,Electric,Silver,5,48398.02
Mercedes,E-Class,2003,40794,3.0,Manual,Wagon,Electric,Brown,2,50444.67
Volkswagen,Touareg,2005,77093,2.4,Manual,Hatchback,Diesel,Blue,5,35311.8
Hyundai,Santa Fe,2014,202898,3.5,Manual,Hatchback,Electric,Grey,2,43854.84
Ford,Kuga,2000,38865,2.7,Robot,Sedan,Diesel,Black,5,37120.27
Kia,Sorento,2010,90254,1.4,CVT,Coupe,Petrol,Blue,5,29423.92
Mercedes,C-Class,2022,242045,2.2,Automatic,Coupe,Electric,Silver,4,52269.28
Hyundai,Tucson,2020,4554,1.2,Automatic,Hatchback,Electric,Grey,5,55343.67
BMW,3 Series,2015,173908,1.2,Manual,Wagon,Petrol,White,3,35693.88
Kia,Rio,2017,24204,1.8,Manual,Wagon,Diesel,Green,4,44879.15
Mercedes,C-Class,2003,3794,2.0,CVT,Coupe,Hybrid,Black,2,50274.53
BMW,5 Series,2001,11036,1.2,Manual,Coupe,Petrol,Brown,5,42486.56
Honda,Civic,2003,252989,1.8,Automatic,Coupe,Diesel,Brown,3,22520.06
Honda,CR-V,2006,164451,3.5,CVT,Wagon,Petrol,Green,2,30764.41
Kia,Rio,2003,3372,1.6,Manual,Hatchback,Hybrid,Grey,5,37747.33
Mercedes,GLC,2009,60117,3.5,Automatic,Wagon,Petrol,White,3,46696.83
Mercedes,GLC,2019,177952,2.4,Robot,SUV,Hybrid,Green,2,49285.52
Nissan,Almera,2023,40770,4.0,CVT,Sedan,Diesel,Red,2,45165.29
Mercedes,GLE,2022,177589,3.0,CVT,SUV,Electric,Brown,3,56196.98
Honda,CR-V,2000,212151,3.0,Manual,Hatchback,Electric,White,2,21665.24
Hyundai,Solaris,2014,18982,1.4,Manual,Hatchback,Hybrid,Red,3,38641.74
Volkswagen,Tiguan,2000,142432,1.4,Robot,Hatchback,Petrol,Green,4,19715.04
Audi,Q7,2008,15151,2.7,CVT,Coupe,Electric,Brown,2,57620.45
Hyundai,Elantra,2006,295120,2.2,Manual,Wagon,Diesel,Blue,4,25609.06
Kia,Sportage,2012,155916,2.4,Automatic,Coupe,Hybrid,Black,2,34932.01
Ford,Focus,2003,90037,2.7,Automatic,Wagon,Electric,Silver,5,35851.95
BMW,X5,2014,115855,3.5,CVT,SUV,Hybrid,Grey,5,58289.57
Kia,Rio,2011,181026,3.0,Manual,Coupe,Diesel,Green,3,34658.6
Audi,Q7,2016,169808,3.0,CVT,SUV,Hybrid,Black,4,46655.91
Audi,A6,2020,255604,1.5,CVT,Hatchback,Diesel,Brown,3,45778.78
Ford,Focus,2011,84482,1.0,Manual,Hatchback,Hybrid,Silver,2,42084.96
Volkswagen,Tiguan,2013,83391,2.5,CVT,Coupe,Diesel,Silver,5,48744.92
Nissan,Patrol,2009,199143,2.7,Automatic,Hatchback,Electric,Grey,5,34603.35
Honda,Civic,2007,82946,1.2,CVT,Sedan,Hybrid,Brown,5,37907.32
BMW,X5,2003,30956,3.5,CVT,SUV,Electric,Green,5,59247.2
BMW,5 Series,2019,251914,1.0,Robot,Sedan,Electric,Black,2,47332.36
Audi,A4,2001,145227,2.7,CVT,Sedan,Hybrid,Red,4,34415.53
Ford,Mondeo,2010,81855,2.0,Manual,Coupe,Petrol,White,3,35342.23
BMW,X3,2020,229014,5.0,Robot,SUV,Hybrid,Silver,5,61026.34
Volkswagen,Passat,2006,289918,3.5,Robot,Wagon,Hybrid,Brown,4,31236.21
Volkswagen,Touareg,2020,279449,1.4,CVT,SUV,Hybrid,Grey,2,47753.76
Kia,Sportage,2021,83394,1.0,CVT,Hatchback,Diesel,Silver,2,42279.52
Audi,A6,2009,217780,2.0,Manual,Coupe,Diesel,Silver,4,40377.74
Honda,Civic,2005,289192,1.4,Manual,Sedan,Diesel,Red,2,23681.53
Mercedes,GLE,2021,14287,1.8,CVT,Coupe,Petrol,Black,3,58163.14
Mercedes,GLC,2019,155091,3.0,Manual,Sedan,Hybrid,Green,4,62562.04
BMW,3 Series,2009,16683,1.0,Automatic,SUV,Diesel,Grey,5,44921.68
Kia,Cerato,2011,182097,2.0,CVT,Coupe,Hybrid,White,3,39382.46
Toyota,Camry,2021,66064,1.8,Manual,Coupe,Petrol,Red,2,48941.97
Toyota,RAV4,2016,43322,1.0,CVT,Coupe,Electric,Grey,4,55007.49
Hyundai,Tucson,2007,177652,5.0,Robot,Hatchback,Hybrid,Blue,4,35055.14
Kia,Rio,2010,132777,4.0,Robot,SUV,Electric,Brown,2,45245.76
Mercedes,E-Class,2011,29402,2.2,Manual,Wagon,Petrol,Red,3,45585.36
Mercedes,GLE,2017,158456,1.2,Automatic,Coupe,Diesel,Grey,5,46512.02
Nissan,X-Trail,2023,278659,2.0,CVT,SUV,Petrol,Black,3,34594.95
Audi,A4,2006,129471,1.5,Automatic,SUV,Diesel,White,5,35392.58
Kia,Cerato,2011,208623,1.0,Robot,Sedan,Electric,Grey,4,30616.22
Mercedes,E-Class,2022,28557,2.4,Manual,Hatchback,Petrol,Green,3,61243.92
BMW,3 Series,2020,228917,1.0,Robot,Sedan,Petrol,Red,5,39124.85
Ford,Mondeo,2014,58151,2.7,Robot,Coupe,Hybrid,Blue,4,52744.58
BMW,3 Series,2011,191644,1.6,Robot,Wagon,Hybrid,Brown,5,39059.94
Ford,Focus,2009,183950,1.5,Manual,SUV,Diesel,Blue,4,24964.6
Honda,Accord,2008,274727,2.2,Automatic,Wagon,Electric,Silver,2,31280.15
Hyundai,Tucson,2007,182966,1.2,CVT,Sedan,Diesel,Grey,4,22774.72
Ford,Kuga,2022,211501,3.5,Automatic,Hatchback,Electric,Brown,3,46437.54
Honda,Civic,2013,251061,2.4,Automatic,Hatchback,Diesel,Black,3,30058.85
Ford,Focus,2000,100131,5.0,Robot,Hatchback,Hybrid,Grey,4,26408.44
Ford,Mondeo,2011,11218,3.5,Automatic,Coupe,Petrol,White,2,49734.13
Volkswagen,Golf,2006,3321,4.0,Automatic,Sedan,Diesel,Silver,3,44529.56
Volkswagen,Golf,2018,252985,3.5,CVT,SUV,Hybrid,Green,3,47823.86
Volkswagen,Tiguan,2012,72928,2.0,Automatic,SUV,Petrol,Blue,2,40166.74
Ford,Focus,2015,178703,3.0,Automatic,SUV,Petrol,Green,4,40013.91
Mercedes,GLC,2001,135938,4.0,Automatic,Sedan,Electric,Red,2,46859.2
Volkswagen,Touareg,2018,24104,1.5,CVT,Wagon,Hybrid,Red,3,53072.22
Hyundai,Tucson,2012,141916,5.0,Robot,Hatchback,Electric,White,4,47958.99
Ford,Mondeo,2017,281609,5.0,Manual,SUV,Electric,Silver,5,46344.68
Volkswagen,Tiguan,2014,9764,3.5,Automatic,SUV,Electric,Blue,5,64233.38
Mercedes,C-Class,2002,26710,3.0,CVT,SUV,Hybrid,White,5,53246.73
BMW,X5,2005,5521,3.0,Robot,SUV,Electric,Brown,4,62459.62
Honda,CR-V,2004,48296,3.5,Manual,Hatchback,Hybrid,Blue,4,40645.13
Honda,CR-V,2014,285409,3.5,Manual,Coupe,Hybrid,Grey,2,36910.22
Mercedes,GLE,2010,229709,2.2,Manual,Hatchback,Diesel,Silver,2,35491.13
Hyundai,Santa Fe,2003,155244,3.5,CVT,SUV,Petrol,Grey,5,30693.48
Toyota,Camry,2003,127510,4.0,Manual,Hatchback,Diesel,Brown,3,31807.27
Honda,CR-V,2015,236675,1.0,Automatic,Wagon,Electric,Black,5,43467.9
BMW,3 Series,2003,232723,1.6,CVT,Sedan,Electric,Red,3,33947.23
Mercedes,E-Class,2007,178124,2.0,Robot,Wagon,Petrol,Black,2,34903.37
Toyota,Corolla,2023,283689,3.5,Manual,SUV,Hybrid,Grey,5,51701.31
Toyota,Camry,2011,290580,4.0,Manual,Coupe,Hybrid,Blue,4,44278.58
Honda,Accord,2017,226556,1.5,Manual,Coupe,Petrol,Silver,3,32447.33
Audi,Q7,2007,275013,3.0,Robot,SUV,Petrol,Black,5,33592.3
Volkswagen,Touareg,2002,137958,2.0,Robot,Hatchback,Electric,Green,4,25003.13
Nissan,X-Trail,2015,76489,3.0,Manual,Coupe,Electric,Green,3,45899.18
BMW,X5,2018,22129,4.0,Automatic,Coupe,Petrol,Grey,2,64530.37
Ford,Focus,2012,108906,1.4,Manual,Hatchback,Petrol,Black,5,33658.01
Audi,A4,2019,96875,1.5,Robot,Wagon,Hybrid,Green,5,53449.91
Volkswagen,Touareg,2015,74648,3.0,Robot,SUV,Diesel,Grey,3,49977.38
Honda,Civic,2013,189219,3.0,CVT,Coupe,Hybrid,Brown,4,32834.02
Honda,Accord,2020,193833,5.0,Manual,Wagon,Hybrid,Brown,3,42168.07
Honda,Civic,2016,97585,5.0,Manual,Sedan,Petrol,Grey,3,44468.2
BMW,X5,2002,28401,1.6,Robot,SUV,Petrol,Silver,5,31818.71
Audi,Q7,2012,113765,1.2,Manual,Wagon,Hybrid,White,4,38223.94
Toyota,Land Cruiser,2009,79870,5.0,Manual,SUV,Electric,Green,2,56116.73
Nissan,X-Trail,2016,96682,1.2,Robot,SUV,Hybrid,Blue,4,45993.33
Kia,Cerato,2010,192848,1.0,Automatic,SUV,Hybrid,Brown,4,29372.27
Kia,Sorento,2003,193320,1.0,Automatic,Sedan,Diesel,Grey,3,17347.16
Volkswagen,Golf,2015,113610,1.5,Robot,Coupe,Electric,Red,5,50031.83
Ford,Kuga,2010,223289,1.0,Automatic,Hatchback,Electric,Blue,5,32427.75
Audi,A6,2016,166343,1.4,Manual,SUV,Diesel,Black,4,44915.37
Volkswagen,Golf,2006,261290,1.4,Manual,Hatchback,Electric,Silver,4,29806.82
Volkswagen,Tiguan,2004,127083,2.0,CVT,Wagon,Hybrid,Silver,3,33293.03
Volkswagen,Touareg,2007,196892,5.0,Automatic,Hatchback,Hybrid,Silver,5,33998.01
Volkswagen,Touareg,2008,55881,3.5,Automatic,Sedan,Electric,Grey,2,43671.84
Honda,CR-V,2000,169091,3.0,Automatic,Wagon,Hybrid,Brown,3,30219.46
Mercedes,E-Class,2022,253686,5.0,Robot,Wagon,Petrol,Red,5,54101.4
BMW,3 Series,2023,201818,2.0,Automatic,Sedan,Diesel,Black,5,45465.4
Kia,Sorento,2006,229179,2.5,Manual,Hatchback,Hybrid,Green,2,29733.78
Ford,Focus,2008,150856,1.5,CVT,Sedan,Petrol,Green,5,29147.96
BMW,X3,2021,102126,1.4,Manual,Coupe,Hybrid,Blue,2,59915.56
Honda,CR-V,2010,7139,1.8,CVT,Sedan,Electric,Brown,5,43917.82
Ford,Kuga,2021,279086,3.5,Manual,Hatchback,Hybrid,Green,4,35776.63
Ford,Kuga,2020,81292,2.0,Manual,SUV,Hybrid,Black,2,53863.63
Hyundai,Solaris,2006,224673,2.0,CVT,Sedan,Diesel,Grey,4,25804.41
Ford,Mondeo,2012,42154,2.4,Automatic,Coupe,Diesel,Blue,2,40750.94
Nissan,X-Trail,2023,77481,1.8,Robot,Hatchback,Hybrid,Brown,3,43844.32
Hyundai,Elantra,2009,49645,1.5,CVT,Coupe,Diesel,Green,2,40057.82
Kia,Rio,2014,84300,1.0,Robot,Sedan,Petrol,Brown,5,33449.87
Mercedes,E-Class,2006,154256,2.0,Automatic,Coupe,Petrol,Brown,3,33290.09
BMW,3 Series,2007,183535,2.2,Automatic,Coupe,Hybrid,Brown,3,48699.58
Hyundai,Santa Fe,2001,247881,1.6,CVT,Coupe,Electric,Green,2,28080.64
Honda,CR-V,2013,32456,3.0,Manual,Coupe,Hybrid,Black,4,47109.15
Ford,Kuga,2020,260360,1.2,Robot,Hatchback,Electric,Grey,4,36257.86
BMW,X5,2003,153010,2.7,Robot,Wagon,Diesel,Black,2,37580.49
Audi,A4,2016,122359,1.8,Automatic,Wagon,Diesel,White,5,42894.99
Audi,Q7,2017,112848,1.4,Robot,Sedan,Electric,White,4,55938.53
Nissan,Patrol,2023,60112,3.0,Automatic,Wagon,Hybrid,White,3,62283.0
Nissan,Teana,2012,136116,1.5,Manual,Sedan,Hybrid,Red,4,29195.96
Toyota,Land Cruiser,2002,275834,2.5,Automatic,Wagon,Electric,Blue,2,39119.42
BMW,3 Series,2020,220595,4.0,Robot,Hatchback,Hybrid,White,2,46539.67
Volkswagen,Tiguan,2009,5699,2.5,CVT,Sedan,Petrol,White,4,38797.24
Nissan,Almera,2006,183456,2.0,Manual,Hatchback,Petrol,Blue,4,24203.12
Kia,Sorento,2021,278695,3.0,Automatic,Wagon,Electric,Green,4,45908.3
Honda,Civic,2005,141257,1.6,CVT,Wagon,Hybrid,White,2,30517.73
Audi,A4,2018,168774,2.5,Robot,Hatchback,Diesel,Silver,4,47778.03
Kia,Rio,2016,123476,3.5,CVT,Hatchback,Petrol,White,2,41361.03
Ford,Focus,2001,318,2.7,Robot,Wagon,Hybrid,White,2,39329.43
BMW,3 Series,2017,81119,1.5,CVT,Hatchback,Petrol,Grey,2,48905.98
Hyundai,Tucson,2015,230481,2.4,Automatic,Sedan,Electric,Grey,2,36813.12
Nissan,Almera,2002,110947,2.7,Robot,SUV,Diesel,Grey,4,29602.08
Volkswagen,Passat,2023,96320,1.2,Automatic,Coupe,Electric,Green,4,48906.67
Volkswagen,Tiguan,2000,137011,4.0,CVT,Hatchback,Hybrid,White,5,33483.37
Volkswagen,Touareg,2020,124506,1.0,Manual,Wagon,Petrol,Black,4,34403.94
Mercedes,GLE,2011,10004,3.5,CVT,SUV,Petrol,Blue,5,60134.4
Mercedes,E-Class,2017,291196,5.0,Robot,SUV,Diesel,Silver,2,48656.32
BMW,5 Series,2019,191883,2.2,Automatic,SUV,Hybrid,Silver,4,54171.51
Hyundai,Elantra,2012,8086,2.0,Automatic,Hatchback,Electric,Green,3,45596.76
Ford,Focus,2003,253831,1.8,Manual,Wagon,Hybrid,Red,3,25805.67
BMW,X3,2003,174606,1.0,Automatic,Hatchback,Electric,Blue,5,35710.79
Mercedes,E-Class,2022,185333,2.2,Manual,Coupe,Diesel,Blue,5,46286.4
Toyota,Camry,2019,3909,1.5,Robot,SUV,Diesel,Brown,3,51009.5
Hyundai,Tucson,2013,69098,5.0,Robot,Wagon,Diesel,Green,4,46904.96
Audi,Q7,2001,135442,4.0,Manual,SUV,Hybrid,White,2,45292.15
Audi,A6,2006,161711,2.7,CVT,Wagon,Petrol,Brown,5,37825.35
Audi,Q5,2000,9676,2.7,Manual,Wagon,Electric,Green,4,46949.37
Audi,A6,2005,111248,1.6,Automatic,Hatchback,Electric,Blue,3,38882.5
Kia,Sorento,2007,228663,1.8,Robot,SUV,Hybrid,Green,5,28290.41
Nissan,Patrol,2020,189726,3.0,CVT,Sedan,Hybrid,Silver,4,40754.66
Audi,A4,2010,241372,5.0,Automatic,Hatchback,Petrol,Silver,5,35834.92
Hyundai,Solaris,2001,266070,1.4,Automatic,Sedan,Hybrid,Brown,5,19614.78
Honda,Accord,2016,56714,4.0,Robot,SUV,Diesel,Green,2,62761.57
Hyundai,Tucson,2018,100361,3.5,Robot,Wagon,Petrol,Red,2,45483.79
Ford,Mondeo,2004,98099,1.8,Manual,Sedan,Electric,Red,3,38952.11
Audi,A6,2014,193381,2.2,Manual,Coupe,Diesel,Red,3,34820.44
Honda,Civic,2015,201696,1.0,CVT,Sedan,Electric,Brown,3,24450.53
BMW,X3,2007,132762,1.5,Manual,Wagon,Petrol,Red,2,34367.83
Kia,Sportage,2013,148278,4.0,Automatic,SUV,Diesel,Black,4,43801.22
Honda,Civic,2013,231535,2.0,CVT,Wagon,Diesel,Brown,2,30078.13
Volkswagen,Touareg,2010,242763,1.2,Robot,Coupe,Electric,Grey,2,29718.05
Ford,Kuga,2001,141940,2.5,Automatic,Coupe,Electric,Red,5,26318.15
BMW,5 Series,2014,207156,1.5,Automatic,Sedan,Hybrid,Brown,5,42544.23
Toyota,Corolla,2008,53077,2.0,Manual,SUV,Petrol,Green,2,43975.03
Toyota,Corolla,2008,281782,1.0,Manual,Coupe,Hybrid,Brown,5,31907.65
Hyundai,Santa Fe,2001,75593,1.6,Robot,Sedan,Hybrid,White,2,32241.34
Mercedes,GLC,2000,115137,4.0,Robot,Coupe,Electric,White,3,38028.29
BMW,5 Series,2020,204793,1.2,Manual,Sedan,Petrol,Green,4,38350.61
Nissan,Teana,2022,238750,1.8,CVT,Hatchback,Petrol,Black,4,33590.76
Nissan,X-Trail,2013,175768,2.2,CVT,Hatchback,Diesel,Green,3,33758.26
Nissan,X-Trail,2016,123935,4.0,CVT,SUV,Petrol,Red,5,55204.2
Hyundai,Santa Fe,2006,277790,3.0,Manual,Hatchback,Electric,White,3,35343.82
Honda,CR-V,2022,294524,1.4,Manual,SUV,Hybrid,Silver,2,44163.35
Kia,Rio,2016,113949,2.4,Manual,Wagon,Diesel,Grey,2,38840.94
Volkswagen,Tiguan,2004,99427,2.0,Manual,Coupe,Diesel,Blue,4,35919.66
Ford,Kuga,2021,7025,1.8,Automatic,Coupe,Diesel,White,4,45762.36
Hyundai,Santa Fe,2000,14075,1.8,Robot,SUV,Diesel,Blue,3,36554.38
Volkswagen,Tiguan,2008,217022,2.7,Manual,SUV,Electric,Silver,4,41393.45
Ford,Kuga,2002,79712,1.6,Robot,Wagon,Electric,Green,2,30340.63
BMW,3 Series,2005,146540,1.2,Automatic,Coupe,Hybrid,Silver,4,43937.81
BMW,5 Series,2016,110760,2.7,Manual,Hatchback,Hybrid,Brown,5,55584.97
Nissan,Patrol,2006,252236,1.6,Manual,SUV,Diesel,Brown,3,29027.91
Toyota,Corolla,2010,57450,2.5,CVT,Coupe,Petrol,Brown,3,38127.28
Hyundai,Elantra,2003,216402,1.8,Automatic,Coupe,Hybrid,Brown,2,24330.17
BMW,5 Series,2017,67278,2.4,Automatic,Hatchback,Hybrid,Green,3,59805.15
Mercedes,E-Class,2004,251917,2.4,Robot,Sedan,Hybrid,Grey,5,36260.58
Audi,A4,2002,54470,2.4,Robot,Hatchback,Diesel,Green,5,41461.05
Hyundai,Elantra,2002,22247,2.7,Manual,SUV,Petrol,Silver,4,39536.62
Toyota,Corolla,2001,34723,3.5,Robot,SUV,Diesel,Grey,5,36152.49
Nissan,X-Trail,2022,114177,1.4,Manual,Wagon,Electric,White,5,41687.63
Audi,A6,2004,221070,2.0,Manual,SUV,Diesel,Silver,3,30039.1
Volkswagen,Passat,2015,195953,2.7,Robot,SUV,Hybrid,Grey,5,43729.5
BMW,X5,2003,109478,1.6,Robot,Hatchback,Electric,Green,4,37011.19
Nissan,Almera,2000,76427,2.4,Robot,Coupe,Electric,Silver,2,39536.98
Volkswagen,Passat,2021,97157,1.5,Manual,Hatchback,Hybrid,Silver,3,44030.33
Mercedes,E-Class,2018,243291,1.2,CVT,Coupe,Hybrid,White,4,42239.26
Mercedes,GLE,2012,177980,3.0,Robot,Wagon,Petrol,Black,2,44456.23
Mercedes,E-Class,2008,154147,1.5,CVT,Coupe,Electric,Brown,2,42862.88
Mercedes,C-Class,2018,161172,1.0,Automatic,Sedan,Hybrid,Silver,4,42501.97
Mercedes,E-Class,2001,273795,3.5,Manual,SUV,Diesel,White,4,35915.39
Ford,Focus,2005,68743,3.5,Manual,Hatchback,Diesel,Silver,5,35834.53
Hyundai,Tucson,2008,243414,2.2,CVT,Hatchback,Petrol,Silver,2,22039.83
Ford,Mondeo,2013,53662,1.4,Robot,Wagon,Petrol,Brown,3,36433.57
Ford,Mondeo,2023,220709,1.2,Manual,Sedan,Petrol,Silver,2,33749.09
Honda,Accord,2018,293391,4.0,Automatic,Wagon,Electric,White,2,51954.77
Kia,Cerato,2007,149030,2.4,Manual,SUV,Electric,Green,2,39709.81
Ford,Mondeo,2016,265811,5.0,Manual,Hatchback,Hybrid,Silver,2,47051.79
Honda,CR-V,2023,38639,1.6,Robot,Coupe,Petrol,Grey,2,44394.13
Honda,Accord,2021,172443,2.5,CVT,Wagon,Petrol,Blue,4,41171.14
Audi,A4,2006,34070,1.8,CVT,Hatchback,Diesel,Blue,5,35103.02
Ford,Mondeo,2014,155126,1.5,Robot,Hatchback,Diesel,Grey,5,37712.33
Ford,Kuga,2014,117177,1.0,CVT,Sedan,Petrol,Blue,5,28931.32
Honda,Accord,2002,141142,1.2,Robot,Hatchback,Petrol,Red,5,22122.2
Honda,CR-V,2010,249444,2.2,CVT,Wagon,Petrol,Grey,4,29343.3
Hyundai,Tucson,2006,209962,2.5,Robot,Sedan,Hybrid,Black,5,32646.17
Toyota,RAV4,2007,121915,2.4,Manual,SUV,Hybrid,White,3,31432.51
Audi,A6,2021,281048,2.4,Automatic,Wagon,Petrol,Blue,4,46047.93
Hyundai,Solaris,2000,217585,3.0,CVT,Wagon,Diesel,Brown,3,22553.74
Nissan,X-Trail,2014,287136,1.4,Automatic,Coupe,Petrol,Brown,5,29825.46
Volkswagen,Golf,2017,129213,2.5,Robot,SUV,Petrol,Green,2,43076.49
Toyota,Corolla,2001,16833,2.4,CVT,Coupe,Hybrid,Black,4,39054.42
Nissan,Teana,2010,260966,5.0,CVT,Hatchback,Diesel,Brown,4,41482.16
Hyundai,Tucson,2015,89217,1.8,Robot,Coupe,Hybrid,Grey,5,47941.6
BMW,3 Series,2009,79351,3.5,Manual,Coupe,Petrol,Blue,4,45072.61
Ford,Focus,2014,233367,2.0,CVT,Hatchback,Diesel,Brown,3,30397.56
BMW,5 Series,2011,156358,2.2,CVT,Sedan,Petrol,Green,4,41138.73
BMW,X3,2010,1722,1.6,Robot,Hatchback,Hybrid,Silver,4,57787.0
Honda,CR-V,2005,105747,2.7,Manual,Wagon,Electric,Blue,4,37467.23
Honda,Accord,2005,170854,2.2,Robot,Wagon,Electric,Grey,2,32993.28
Audi,Q5,2016,242070,2.5,CVT,SUV,Diesel,Black,5,39985.3
Mercedes,E-Class,2023,65196,1.5,CVT,Wagon,Petrol,Brown,3,55298.71
Honda,Civic,2006,120357,1.6,Robot,Sedan,Petrol,Grey,5,25261.19
Volkswagen,Tiguan,2019,282851,2.4,Robot,Sedan,Petrol,Blue,3,36765.62
Honda,Accord,2005,187272,2.7,CVT,Hatchback,Hybrid,Blue,3,31362.27
Kia,Sportage,2009,141636,4.0,CVT,Wagon,Hybrid,Brown,5,37297.15
Audi,Q5,2018,258516,2.2,CVT,Coupe,Petrol,Black,2,44061.02
Honda,CR-V,2000,123516,2.7,Robot,Wagon,Hybrid,White,2,32345.61
Hyundai,Elantra,2019,102262,2.4,Manual,SUV,Electric,Green,5,57529.8
Audi,A6,2008,224083,2.2,Robot,SUV,Petrol,Green,5,34414.12
Toyota,Land Cruiser,2019,262129,1.2,Manual,Wagon,Electric,Silver,4,40208.02
Volkswagen,Passat,2016,240734,5.0,CVT,Sedan,Hybrid,Red,4,47253.62
Nissan,Teana,2011,287762,3.5,Manual,SUV,Electric,Grey,2,31371.68
Toyota,Corolla,2022,207506,5.0,Automatic,Coupe,Electric,Silver,3,61352.77
Ford,Focus,2008,119837,1.2,Robot,Hatchback,Electric,Red,2,32939.5
Ford,Kuga,2007,185534,2.0,Automatic,Sedan,Hybrid,White,3,30320.25
Nissan,Patrol,2019,289029,1.0,Automatic,Coupe,Electric,Red,3,42330.83
Kia,Rio,2022,213475,1.8,Automatic,Coupe,Electric,Red,5,39294.45
Mercedes,GLE,2010,154342,2.5,Automatic,Hatchback,Diesel,Red,5,34733.68
Volkswagen,Tiguan,2022,193666,1.0,Robot,Hatchback,Petrol,Black,3,41581.81
Mercedes,E-Class,2016,109009,5.0,Automatic,Hatchback,Electric,Grey,4,52044.13
Mercedes,GLE,2019,54040,5.0,Automatic,Wagon,Hybrid,White,4,64780.2
Volkswagen,Touareg,2007,177933,1.5,Robot,Wagon,Electric,Brown,5,31989.54
Mercedes,GLC,2004,250763,3.5,Manual,Hatchback,Diesel,White,4,32050.84
Nissan,Patrol,2012,257789,2.4,Robot,Hatchback,Hybrid,Green,3,38899.69
Kia,Sorento,2013,153260,1.5,Robot,SUV,Hybrid,Brown,3,36230.67
Ford,Focus,2017,226286,1.2,Manual,Wagon,Diesel,Grey,5,24047.24
Volkswagen,Touareg,2018,113388,1.8,Robot,Hatchback,Electric,Green,2,48550.08
Hyundai,Elantra,2002,19449,1.5,Automatic,Wagon,Electric,Blue,3,36387.21
BMW,X5,2022,287506,2.2,Robot,Hatchback,Hybrid,Black,5,43921.86
Mercedes,GLC,2017,89359,1.0,Robot,Hatchback,Electric,Silver,4,47569.87
Honda,CR-V,2008,69513,1.6,Manual,SUV,Electric,Blue,3,45971.03
Hyundai,Elantra,2017,130996,1.6,Manual,Wagon,Electric,Brown,4,46566.89
Audi,A4,2015,189117,1.6,Manual,Wagon,Petrol,Red,3,37201.21
Toyota,Land Cruiser,2010,94754,2.0,Automatic,SUV,Diesel,Brown,2,43056.05
Ford,Mondeo,2014,203807,1.5,Automatic,Wagon,Electric,Brown,5,38501.77
Audi,Q7,2015,276341,3.0,Automatic,Coupe,Diesel,Silver,2,44910.0
Volkswagen,Tiguan,2011,98172,1.0,Manual,Wagon,Electric,Black,2,37898.97
BMW,3 Series,2015,85263,1.2,Automatic,Hatchback,Petrol,Red,5,42122.34
Kia,Cerato,2004,199944,4.0,Manual,Wagon,Diesel,Red,5,29912.34
Kia,Sportage,2010,169083,2.7,Automatic,Sedan,Hybrid,Green,4,36912.19
Hyundai,Tucson,2007,271153,4.0,Manual,SUV,Petrol,Brown,3,29793.96
Audi,A6,2010,152270,3.0,Robot,Hatchback,Diesel,Brown,2,41805.41
Hyundai,Solaris,2018,68213,1.0,Manual,Hatchback,Diesel,Silver,4,40256.57
Nissan,X-Trail,2017,72715,1.2,Automatic,Coupe,Petrol,Green,5,43504.81
Mercedes,C-Class,2013,196169,2.4,CVT,Hatchback,Hybrid,Grey,5,43896.28
Ford,Focus,2011,196328,3.5,CVT,Wagon,Electric,White,5,44628.98
Toyota,Corolla,2002,21643,3.5,CVT,Coupe,Hybrid,White,5,34313.49
Mercedes,GLE,2012,860,1.4,Automatic,Sedan,Hybrid,Red,5,44899.82
Hyundai,Tucson,2009,152088,1.0,Manual,Sedan,Hybrid,Blue,2,34268.58
Mercedes,E-Class,2009,190808,1.6,Robot,Coupe,Hybrid,Silver,2,39118.39
Audi,Q5,2021,203439,1.5,Automatic,Sedan,Petrol,Blue,5,40700.76
BMW,X5,2015,156850,1.8,Robot,Coupe,Petrol,Red,3,42868.3
Volkswagen,Passat,2018,20575,1.0,Robot,Sedan,Petrol,Blue,5,44636.53
Ford,Kuga,2017,51209,2.4,Robot,Wagon,Diesel,Black,2,47164.67
Toyota,Land Cruiser,2003,133142,1.4,CVT,Wagon,Petrol,Green,2,23805.75
Kia,Sportage,2017,27020,2.4,Robot,Wagon,Petrol,Black,5,41113.14
Mercedes,GLE,2012,5054,3.5,Manual,Sedan,Electric,Black,4,68516.98
Kia,Sorento,2001,43042,1.8,Manual,Coupe,Hybrid,Black,2,41377.33
Kia,Sportage,2022,4200,3.0,Robot,Hatchback,Diesel,Brown,2,53200.97
Audi,Q7,2015,293498,4.0,Manual,Wagon,Diesel,Silver,4,47988.06
Mercedes,C-Class,2000,111568,2.7,Automatic,Coupe,Hybrid,Brown,2,36620.99
Nissan,X-Trail,2010,144228,3.0,CVT,Coupe,Electric,Blue,3,53467.81
Toyota,Camry,2003,220899,2.2,Manual,Wagon,Electric,Red,5,25215.05
Volkswagen,Passat,2012,54936,1.4,CVT,Sedan,Hybrid,Black,2,40154.07
Hyundai,Elantra,2013,148694,5.0,CVT,SUV,Diesel,White,4,38294.65
Volkswagen,Tiguan,2004,140921,3.5,Robot,SUV,Petrol,Green,4,36339.43
Mercedes,E-Class,2012,68125,1.4,Automatic,Coupe,Hybrid,Red,5,56850.86
Nissan,Patrol,2022,67148,2.0,Automatic,Wagon,Electric,Silver,5,40077.49
Volkswagen,Touareg,2015,43347,1.8,Manual,Wagon,Petrol,Green,4,46609.97
Hyundai,Tucson,2018,96453,2.0,Manual,Coupe,Hybrid,Black,2,50841.08
Toyota,Corolla,2016,16818,3.5,Manual,Sedan,Petrol,Blue,5,43283.74
Toyota,RAV4,2019,77240,2.4,Automatic,Wagon,Diesel,Grey,3,40237.15
Hyundai,Tucson,2002,291969,1.8,Manual,Sedan,Electric,Silver,5,27662.08
Mercedes,E-Class,2015,193607,1.0,Manual,Wagon,Hybrid,Green,2,36634.7
Kia,Sorento,2007,192585,5.0,CVT,Hatchback,Diesel,Blue,2,38883.67
Ford,Mondeo,2014,97391,5.0,CVT,Sedan,Electric,Red,3,54566.25
BMW,3 Series,2021,255905,2.0,Robot,SUV,Hybrid,Black,3,43284.9
Mercedes,C-Class,2017,151392,1.8,CVT,Sedan,Electric,Red,3,51433.94
Mercedes,GLE,2021,217409,1.6,Robot,Hatchback,Electric,Grey,5,41518.14
Nissan,Patrol,2014,215139,1.0,Automatic,SUV,Petrol,Green,3,29220.56
Mercedes,E-Class,2017,46408,2.2,CVT,Sedan,Diesel,Silver,5,50921.65
Audi,A4,2021,161313,2.4,Automatic,Hatchback,Electric,Green,2,45420.36
Kia,Sorento,2005,170673,4.0,Manual,Wagon,Hybrid,Grey,2,35310.16
Toyota,Land Cruiser,2014,41971,1.0,Robot,SUV,Petrol,Black,2,35716.41
Nissan,X-Trail,2019,178615,2.0,Manual,Sedan,Electric,Black,5,41516.64
Mercedes,GLE,2008,77069,1.5,Manual,Coupe,Hybrid,Green,2,38174.66
BMW,5 Series,2008,217776,5.0,Manual,Wagon,Diesel,Green,5,40648.3
Audi,A6,2003,31391,3.5,Robot,Wagon,Petrol,Brown,5,43701.46
Volkswagen,Tiguan,2000,152947,2.0,Automatic,Coupe,Electric,White,5,31747.6
Mercedes,GLC,2016,147904,4.0,CVT,Wagon,Electric,Red,3,61440.16
Ford,Focus,2015,80249,4.0,Manual,Wagon,Hybrid,Silver,3,52744.1
Nissan,X-Trail,2016,97103,2.2,Manual,Coupe,Diesel,Silver,5,29117.36
Honda,Civic,2005,48095,4.0,Robot,Coupe,Electric,Green,4,43855.51
Toyota,RAV4,2019,152287,1.8,Robot,Coupe,Petrol,Blue,3,31985.29
Honda,CR-V,2001,40664,1.8,Robot,SUV,Electric,White,4,42524.55
BMW,3 Series,2014,93302,1.6,Automatic,SUV,Diesel,Green,3,44498.12
Hyundai,Elantra,2017,236381,1.8,Robot,Coupe,Diesel,White,4,35282.59
Hyundai,Elantra,2011,241921,1.0,Manual,Sedan,Petrol,White,3,26693.78
Ford,Focus,2019,21529,5.0,CVT,Sedan,Diesel,Red,3,57031.51
Hyundai,Tucson,2021,160236,2.5,Robot,Wagon,Diesel,Grey,5,43805.06
BMW,3 Series,2009,289653,1.6,Manual,Coupe,Petrol,Blue,4,33263.42
Volkswagen,Passat,2021,243815,4.0,Automatic,Coupe,Petrol,Black,3,41495.4
Honda,Civic,2021,48993,3.0,Robot,Coupe,Electric,Blue,4,49417.71
Audi,Q5,2003,38438,4.0,Automatic,Wagon,Electric,Black,2,46409.92
Audi,Q5,2018,287076,1.6,Robot,Coupe,Petrol,Grey,4,41962.12
Toyota,Land Cruiser,2005,256738,1.0,Manual,Wagon,Electric,Brown,2,25351.47
Volkswagen,Touareg,2015,229477,1.0,Manual,SUV,Hybrid,Grey,2,35545.03
Audi,Q5,2010,2728,1.6,CVT,Coupe,Diesel,Grey,2,54446.91
Ford,Kuga,2003,48526,3.0,Automatic,Sedan,Petrol,Green,3,43136.92
Kia,Cerato,2010,188096,5.0,Robot,SUV,Electric,Red,3,45427.65
Hyundai,Solaris,2023,45110,2.4,Automatic,SUV,Petrol,Green,3,44788.22
Honda,Civic,2007,103211,2.7,Automatic,Wagon,Hybrid,Blue,4,47274.12
Hyundai,Solaris,2012,263619,1.5,Automatic,Sedan,Petrol,Red,5,28379.15
Nissan,Patrol,2023,57895,1.6,Robot,Wagon,Diesel,Black,2,54182.05
Hyundai,Solaris,2012,6476,2.4,Automatic,SUV,Diesel,Blue,4,50077.55
Nissan,X-Trail,2002,51356,2.2,Manual,Wagon,Electric,Green,2,38495.26
Honda,Accord,2023,59853,3.0,CVT,SUV,Petrol,Silver,4,65329.68
Mercedes,C-Class,2013,105287,1.2,Automatic,SUV,Diesel,Grey,2,43996.05
Audi,Q5,2008,239519,1.5,Automatic,Coupe,Hybrid,White,5,34517.24
Audi,Q7,2021,270015,2.0,CVT,Sedan,Hybrid,Black,4,41068.1
BMW,X5,2009,271642,3.5,Automatic,SUV,Electric,Grey,4,49646.54
BMW,3 Series,2002,283074,1.8,Robot,Coupe,Hybrid,Silver,3,31682.56
Mercedes,GLE,2010,63109,2.5,CVT,Hatchback,Electric,Black,4,50743.81
BMW,3 Series,2008,232359,3.0,CVT,SUV,Hybrid,Green,2,40604.15
Ford,Kuga,2020,32070,1.5,Manual,Wagon,Petrol,Silver,5,42688.81
Toyota,Camry,2022,126734,5.0,Manual,Sedan,Hybrid,Blue,2,52573.58
Honda,Accord,2003,84104,1.2,Automatic,Hatchback,Petrol,White,5,23544.68
Mercedes,E-Class,2023,258791,3.5,Robot,Wagon,Petrol,Grey,4,49370.37
Nissan,X-Trail,2018,130047,1.2,CVT,SUV,Electric,Grey,4,43230.65
Audi,A4,2010,205589,1.6,Robot,SUV,Hybrid,Red,4,42856.13
Kia,Sorento,2010,54034,2.7,Automatic,Coupe,Hybrid,White,3,40980.89
BMW,3 Series,2018,49366,1.0,CVT,Sedan,Electric,Silver,5,42333.44
Hyundai,Tucson,2013,299759,3.5,Robot,Hatchback,Diesel,Red,4,36910.75
Nissan,Patrol,2011,123892,2.4,Robot,Sedan,Petrol,Blue,3,31371.7
Audi,A4,2015,6258,2.2,CVT,Wagon,Diesel,Black,3,64021.66
Honda,Accord,2003,76518,1.2,Manual,Sedan,Electric,White,4,28019.09
BMW,3 Series,2022,127280,3.0,Robot,Hatchback,Electric,Red,5,48639.96
Ford,Focus,2002,161825,2.4,Manual,Wagon,Electric,Red,5,32435.21
Honda,Civic,2002,233098,3.0,Manual,SUV,Hybrid,Blue,5,30697.2
Hyundai,Elantra,2018,89307,1.0,Manual,Coupe,Diesel,Black,3,53130.72
Honda,CR-V,2015,178681,1.6,Automatic,Coupe,Hybrid,Blue,2,37681.99
BMW,X3,2016,235997,5.0,CVT,Sedan,Petrol,Silver,2,48479.32
BMW,5 Series,2007,249333,1.4,Manual,SUV,Hybrid,Blue,3,34275.08
Toyota,Land Cruiser,2010,291180,2.7,Robot,Coupe,Electric,Blue,3,36603.44
Audi,Q7,2000,181695,4.0,Robot,Hatchback,Hybrid,Black,3,40891.84
Hyundai,Elantra,2017,254536,1.8,Manual,Wagon,Hybrid,Red,3,37703.95
Audi,Q7,2004,273023,1.5,Manual,Coupe,Hybrid,Brown,2,28427.66
Nissan,Almera,2005,52772,1.0,CVT,Coupe,Petrol,Black,3,33024.39
Hyundai,Tucson,2004,239885,2.0,Robot,Wagon,Petrol,White,5,19873.39
Nissan,X-Trail,2009,39875,3.0,Automatic,Coupe,Petrol,White,5,42424.53
Ford,Kuga,2015,249092,3.5,Automatic,Hatchback,Hybrid,Green,3,31508.05
Honda,CR-V,2009,66451,2.4,Automatic,Wagon,Diesel,Black,2,40403.17
Nissan,Patrol,2008,16552,1.4,Robot,SUV,Diesel,White,4,49774.04
Kia,Rio,2014,14679,4.0,Automatic,Wagon,Diesel,Green,3,54215.04
Volkswagen,Tiguan,2019,231042,1.6,Manual,Coupe,Diesel,Green,2,36526.48
Volkswagen,Tiguan,2017,50324,1.0,CVT,Sedan,Petrol,Grey,5,41080.39
BMW,5 Series,2012,299496,4.0,CVT,Wagon,Hybrid,Red,2,43039.14
Mercedes,C-Class,2020,267506,1.2,Robot,Coupe,Diesel,Blue,4,43193.5
Hyundai,Solaris,2000,279405,1.8,Manual,Wagon,Diesel,White,2,18616.83
Ford,Kuga,2016,29570,2.5,Automatic,Coupe,Diesel,Grey,4,43081.85
Kia,Sportage,2014,189933,5.0,Robot,Coupe,Hybrid,Red,3,38686.95
Ford,Kuga,2011,278531,4.0,Robot,Wagon,Diesel,Brown,4,30442.5
Kia,Cerato,2012,204957,1.0,Manual,SUV,Diesel,Brown,2,24497.76
Honda,CR-V,2007,192218,1.8,Manual,Wagon,Petrol,Red,4,23683.99
BMW,3 Series,2002,12236,2.4,Automatic,Sedan,Hybrid,Blue,4,46853.0
Audi,A6,2003,109759,1.6,CVT,Hatchback,Electric,Grey,3,43473.96
Mercedes,C-Class,2008,229735,1.4,Robot,Coupe,Diesel,Silver,3,33401.51
Mercedes,GLE,2016,30075,1.6,Automatic,Sedan,Hybrid,Red,2,52222.04
Mercedes,E-Class,2020,76872,2.7,Robot,Wagon,Diesel,Red,4,59121.55
BMW,3 Series,2020,51556,2.7,Manual,Coupe,Petrol,White,2,61231.19
Honda,Accord,2023,196002,2.7,Automatic,Coupe,Hybrid,Silver,3,42488.47
Kia,Rio,2009,224376,2.2,CVT,Wagon,Electric,Blue,2,32355.95
Audi,Q7,2016,22709,1.6,Robot,Hatchback,Hybrid,Red,5,45754.29
Volkswagen,Tiguan,2016,274518,2.5,Manual,Wagon,Electric,Grey,3,42756.92
Audi,Q5,2023,43163,1.6,Manual,Sedan,Diesel,Blue,4,55964.78
Honda,CR-V,2008,14743,5.0,Robot,Coupe,Petrol,Silver,5,48949.29
Volkswagen,Touareg,2006,196086,1.0,Manual,Wagon,Electric,Blue,3,28414.63
Mercedes,GLE,2004,142076,2.7,Robot,Sedan,Electric,Black,5,36583.33
Kia,Sorento,2023,119925,2.7,Manual,Sedan,Hybrid,Blue,4,54801.46
Volkswagen,Passat,2017,134882,1.0,CVT,Coupe,Electric,Green,4,39928.09
Hyundai,Santa Fe,2015,171608,4.0,Manual,Hatchback,Diesel,Brown,5,42766.12
Honda,Civic,2014,247557,3.0,CVT,Wagon,Electric,White,5,39667.55
Nissan,Teana,2016,269570,4.0,Robot,Sedan,Diesel,Grey,4,37481.49
Nissan,Patrol,2005,136731,1.2,Automatic,Wagon,Petrol,Green,4,24788.59
Audi,Q5,2004,120056,1.0,Manual,Wagon,Hybrid,Green,5,31971.87
Kia,Cerato,2008,50123,1.6,Manual,Sedan,Petrol,White,4,34261.42
Nissan,Teana,2009,299863,1.4,Manual,Coupe,Electric,Silver,3,33899.35
Kia,Sportage,2017,21645,2.2,Automatic,Hatchback,Hybrid,Green,2,50028.14
Hyundai,Solaris,2005,95011,1.6,CVT,SUV,Diesel,Red,3,37279.01
Mercedes,E-Class,2006,122702,4.0,Robot,Hatchback,Hybrid,White,4,55089.31
Ford,Kuga,2023,171444,2.4,Automatic,SUV,Diesel,Black,2,46516.48
Toyota,RAV4,2017,66543,3.0,Robot,Sedan,Hybrid,White,5,48757.24
Mercedes,GLC,2007,55639,2.2,Automatic,Wagon,Diesel,White,2,41762.21
Ford,Focus,2019,266860,5.0,Manual,Sedan,Electric,White,2,45416.17
Volkswagen,Touareg,2011,246164,5.0,CVT,Hatchback,Petrol,Grey,5,35725.92
Volkswagen,Passat,2007,148862,2.7,Automatic,Coupe,Electric,White,5,43587.97
Mercedes,GLE,2011,17191,3.0,Manual,Coupe,Hybrid,Grey,3,63763.7
Audi,Q7,2014,236871,2.0,CVT,Wagon,Petrol,Green,2,34020.66
Kia,Sorento,2002,243148,2.2,Manual,Sedan,Hybrid,Blue,2,27566.98
Mercedes,C-Class,2021,167829,4.0,CVT,Coupe,Hybrid,Grey,2,53246.69
Volkswagen,Golf,2010,161039,1.5,CVT,Coupe,Hybrid,Grey,3,34199.53
Hyundai,Elantra,2014,81085,1.8,Manual,Sedan,Electric,White,5,44444.23
Honda,Accord,2001,20098,2.0,Robot,Sedan,Electric,White,3,33197.16
Volkswagen,Passat,2000,144408,1.0,Automatic,Coupe,Petrol,Blue,2,24285.47
Ford,Kuga,2010,254601,1.0,Manual,Sedan,Petrol,Brown,4,15463.43
Toyota,Land Cruiser,2011,61086,1.5,Automatic,Wagon,Diesel,White,3,39861.51
Toyota,RAV4,2020,226805,1.6,Manual,Coupe,Petrol,Blue,2,30136.79
Volkswagen,Golf,2022,216919,1.6,Automatic,Wagon,Diesel,Silver,2,37763.92
Mercedes,C-Class,2019,253021,1.5,CVT,SUV,Diesel,Red,4,40705.22
BMW,5 Series,2000,83247,1.4,CVT,Wagon,Petrol,Red,3,32568.67
Honda,Accord,2020,84388,5.0,Manual,Wagon,Electric,Black,2,57268.14
Mercedes,GLC,2009,231588,1.5,Robot,SUV,Electric,Red,3,40534.99
Hyundai,Santa Fe,2011,276879,1.5,Automatic,Sedan,Diesel,Red,5,25337.45
Ford,Kuga,2018,218510,2.0,Manual,Wagon,Petrol,Grey,5,31806.79
Mercedes,C-Class,2005,137858,1.8,Automatic,Hatchback,Hybrid,Red,4,35578.32
Honda,CR-V,2019,239464,1.8,Manual,Coupe,Electric,Grey,3,42855.54
Hyundai,Solaris,2012,79859,2.0,Robot,Coupe,Electric,Grey,3,44089.42
Hyundai,Santa Fe,2007,152627,1.2,Automatic,Coupe,Petrol,Silver,5,24165.41
Honda,Accord,2008,183863,4.0,Automatic,Coupe,Electric,Brown,2,34849.54
Hyundai,Solaris,2019,221125,3.0,Manual,SUV,Petrol,Silver,3,36934.31
Audi,Q7,2016,678,1.5,Manual,SUV,Electric,Green,5,82569.86
Toyota,Land Cruiser,2011,158438,3.5,CVT,Coupe,Hybrid,Blue,5,40134.99
Nissan,X-Trail,2006,121751,1.5,CVT,Coupe,Petrol,Black,5,28950.37
Audi,Q5,2006,255178,2.5,CVT,Hatchback,Electric,White,5,34565.33
Mercedes,C-Class,2016,124790,1.6,CVT,Coupe,Hybrid,Silver,4,46546.21
Honda,Civic,2008,146451,2.0,Manual,Coupe,Petrol,Brown,4,35270.54
Ford,Focus,2016,258153,1.2,Automatic,SUV,Hybrid,White,5,39151.39
BMW,3 Series,2010,188622,1.8,CVT,Coupe,Petrol,Blue,4,35425.22
Hyundai,Solaris,2004,139006,1.8,Manual,Hatchback,Electric,White,4,28637.9
Toyota,Land Cruiser,2013,278021,1.8,Robot,Sedan,Electric,Brown,2,42181.51
BMW,5 Series,2016,193895,4.0,Automatic,Sedan,Diesel,Black,3,51073.14
Toyota,Camry,2017,16035,1.5,CVT,Hatchback,Hybrid,Green,4,54075.26
BMW,5 Series,2005,8624,2.4,Automatic,Sedan,Electric,White,4,54505.34
Nissan,Almera,2009,106813,4.0,Automatic,Sedan,Petrol,Silver,4,39018.85
Hyundai,Santa Fe,2002,285158,4.0,CVT,Wagon,Petrol,Silver,2,22038.46
Toyota,RAV4,2009,256350,2.0,Robot,Wagon,Hybrid,Brown,3,24549.16
Nissan,Teana,2009,279403,5.0,Automatic,SUV,Diesel,Green,2,39216.55
Mercedes,C-Class,2006,36195,2.7,CVT,Sedan,Hybrid,Blue,5,34779.27
Kia,Rio,2017,117615,2.5,Manual,SUV,Petrol,Brown,4,46347.46
Volkswagen,Tiguan,2014,44237,4.0,Manual,SUV,Diesel,Grey,2,49150.49
Toyota,Corolla,2011,12191,1.5,Automatic,Coupe,Hybrid,Blue,2,46928.58
Toyota,Corolla,2015,101277,1.4,CVT,Hatchback,Petrol,White,5,36472.35
Nissan,Patrol,2011,110986,1.2,Manual,Sedan,Diesel,Grey,5,32461.88
Ford,Mondeo,2009,156627,4.0,Manual,Coupe,Petrol,Red,3,30318.98
Toyota,RAV4,2006,147227,1.6,Automatic,Hatchback,Hybrid,Blue,4,29327.08
BMW,3 Series,2011,7661,4.0,CVT,Hatchback,Petrol,Silver,3,54360.99
BMW,3 Series,2013,34354,2.5,Manual,Hatchback,Electric,Green,5,51189.47
Kia,Rio,2000,206732,1.0,CVT,Sedan,Diesel,Blue,5,16207.62
Ford,Kuga,2009,132143,1.0,Automatic,Sedan,Diesel,Green,5,33916.45
BMW,3 Series,2019,132691,1.8,Manual,SUV,Hybrid,Green,4,61448.99
Ford,Mondeo,2010,196119,1.0,Manual,Coupe,Diesel,Brown,2,26028.67
Honda,CR-V,2017,28304,1.2,Automatic,Wagon,Petrol,Red,2,45213.46
Honda,Accord,2005,65416,1.0,Manual,Sedan,Diesel,Silver,2,23256.8
Ford,Mondeo,2021,27757,2.4,Automatic,SUV,Diesel,Silver,3,54008.31
BMW,5 Series,2001,254457,2.7,CVT,Hatchback,Electric,Green,4,32696.87
Ford,Kuga,2006,244280,1.2,Automatic,Coupe,Diesel,Black,5,27253.92
Mercedes,GLE,2012,90196,2.4,Manual,Wagon,Petrol,Brown,4,43178.42
Ford,Mondeo,2001,48742,2.4,Robot,Coupe,Electric,Red,2,40233.99
Nissan,X-Trail,2018,251916,2.5,Manual,Coupe,Electric,Green,2,49441.9
BMW,3 Series,2009,275680,3.5,CVT,Hatchback,Electric,Black,3,44121.35
Audi,Q5,2000,222688,1.5,Manual,Hatchback,Hybrid,Red,2,28294.83
Kia,Sorento,2006,13727,3.5,Automatic,Hatchback,Petrol,Grey,2,43434.43
Hyundai,Solaris,2010,60494,2.5,Automatic,Sedan,Petrol,White,4,32167.77
Kia,Cerato,2014,208098,1.6,Robot,Coupe,Electric,Red,3,30685.77
Nissan,Almera,2018,164379,2.0,Manual,Coupe,Electric,Grey,2,46409.17
Volkswagen,Touareg,2000,108336,2.4,Robot,Hatchback,Hybrid,Black,2,30098.67
Mercedes,C-Class,2014,146709,2.7,Manual,Wagon,Diesel,Grey,2,44514.04
Hyundai,Tucson,2022,77261,2.0,Automatic,Coupe,Hybrid,Blue,4,42824.33
Hyundai,Santa Fe,2000,115155,1.0,Robot,Coupe,Diesel,Black,4,24595.71
Kia,Cerato,2020,6195,1.5,CVT,SUV,Petrol,Brown,2,57678.78
BMW,3 Series,2000,83636,1.6,Robot,Sedan,Petrol,Brown,2,29737.45
Audi,Q5,2011,188955,1.8,Manual,SUV,Diesel,Black,2,37070.93
Kia,Rio,2015,101683,5.0,Robot,Hatchback,Petrol,Blue,4,46963.9
Kia,Rio,2013,99456,2.4,Robot,Wagon,Electric,Brown,2,47420.79
